id,Repo,Estrelas,Idade (anos),PRs aceitos,Total releases,Dias desde última atualização,Linguagem primária,Percentual issues fechadas
1,freeCodeCamp,426635,10.68,25750,0,0.1 horas,TypeScript,0.99
2,build-your-own-x,414504,7.31,142,0,0.1 horas,Markdown,0.72
3,awesome,395342,11.13,679,0,0.1 horas,N/A,0.96
4,free-programming-books,366480,11.88,6822,0,0.0 horas,Python,0.98
5,public-apis,363069,9.44,1872,0,0.1 horas,Python,0.98
6,developer-roadmap,334754,8.45,3697,1,0.1 horas,TypeScript,0.92
7,coding-interview-university,324959,9.23,415,0,0.2 horas,N/A,0.88
8,system-design-primer,317766,8.5,200,0,0.0 horas,Python,0.27
9,996.ICU,274161,6.43,1071,0,1.1 horas,N/A,0
10,awesome-python,256960,11.17,544,0,0.0 horas,Python,0
11,awesome-selfhosted,243899,10.25,2394,1,0.1 horas,N/A,1.0
12,project-based-learning,241278,8.38,182,0,0.1 horas,N/A,0.38
13,react,238420,12.27,12150,105,0.6 horas,JavaScript,0.94
14,vue,209301,12.09,1133,249,0.6 horas,TypeScript,0.96
15,Python,204434,9.12,2991,0,0.3 horas,Python,0.96
16,linux,200798,13.99,10,0,0.2 horas,C,0
17,javascript-algorithms,193096,7.43,302,0,0.2 horas,JavaScript,0.63
18,tensorflow,191360,9.81,36131,219,0.1 horas,C++,0.98
19,computer-science,191071,11.32,299,0,0.0 horas,HTML,0.98
20,the-book-of-secret-knowledge,183830,7.18,122,0,0.0 horas,N/A,0
21,You-Dont-Know-JS,183062,11.79,368,0,0.2 horas,N/A,0.91
22,CS-Notes,181589,7.54,374,0,0.8 horas,N/A,0.78
23,ohmyzsh,180971,16.01,3380,0,1.0 horas,Shell,0.97
24,AutoGPT,178095,2.45,3225,69,0.0 horas,Python,0.95
25,vscode,176129,9.99,36369,177,0.1 horas,TypeScript,0.94
26,bootstrap,172924,14.09,8985,94,0.1 horas,MDX,0.98
27,flutter,172144,10.48,43922,7,0.4 horas,Dart,0.89
28,Python-100-Days,171309,7.49,13,0,0.2 horas,Jupyter Notebook,0.17
29,gitignore,168926,14.81,1718,0,0.2 horas,N/A,0
30,the-art-of-command-line,157907,10.28,317,0,0.2 horas,N/A,0.53
31,stable-diffusion-webui,155972,3.01,1874,27,0.3 horas,Python,0.7
32,JavaGuide,151433,7.31,1181,0,0.8 horas,Java,0.93
33,ollama,151032,2.17,2479,144,0.0 horas,Go,0.78
34,awesome-go,150935,11.15,3458,0,0.1 horas,Go,0.99
35,transformers,148879,6.83,16729,224,0.1 horas,Python,0.94
36,javascript,147316,12.82,810,0,0.7 horas,JavaScript,0.93
37,Microsoft-Activation-Scripts,146118,5.62,6,24,0.4 horas,Batchfile,1.0
38,youtube-dl,137065,14.83,1642,341,1.9 horas,Python,0.86
39,next.js,134020,8.9,23719,1000,0.1 horas,JavaScript,0.9
40,awesome-chatgpt-prompts,133256,2.73,171,0,0.0 horas,JavaScript,0
41,n8n,133018,6.19,10705,383,0.1 horas,TypeScript,0.88
42,go,129599,11.03,1,0,0.2 horas,Go,0.86
43,tech-interview-handbook,129238,9.15,482,0,0.3 horas,TypeScript,0.64
44,fucking-algorithm,129016,5.52,238,1,0.7 horas,Markdown,0.99
45,scrcpy,127153,7.77,113,47,0.8 horas,C,0.56
46,HelloGitHub,126439,9.32,16,57,0.3 horas,Python,0.93
47,30-seconds-of-code,125103,7.75,827,12,0.1 horas,JavaScript,1.0
48,yt-dlp,124323,4.84,2911,118,1.1 horas,Python,0.84
49,react-native,123556,10.64,933,410,0.0 horas,C++,0.98
50,PowerToys,122641,6.33,5679,117,0.6 horas,C#,0.8
51,electron,118054,12.38,23289,1000,0.6 horas,C++,0.96
52,kubernetes,117097,11.23,62233,755,0.1 horas,Go,0.96
53,hello-algo,115806,2.81,945,9,0.1 horas,Java,0.96
54,free-programming-books-zh_CN,115073,11.82,282,3,0.3 horas,N/A,0
55,langchain,114295,2.86,14514,950,0.0 horas,Jupyter Notebook,0.97
56,node,112964,10.76,10788,455,0.3 horas,JavaScript,0.91
57,dify,112224,2.38,7179,141,0.0 horas,TypeScript,0.94
58,d3,111363,14.92,493,194,1.7 horas,Shell,1.0
59,free-for-dev,110947,10.45,2763,0,0.1 horas,HTML,0
60,three.js,108289,15.44,14425,171,0.1 horas,JavaScript,0.97
61,open-webui,108083,1.89,2547,122,0.0 horas,JavaScript,0.97
62,axios,107485,11.03,1002,97,0.7 horas,JavaScript,0.96
63,langflow,106866,2.55,4659,262,0.0 horas,Python,0.84
64,rust,106054,15.21,65772,140,0.4 horas,Rust,0.82
65,excalidraw,106047,5.65,3702,14,0.1 horas,TypeScript,0.57
66,TypeScript,105737,11.2,14676,212,0.9 horas,TypeScript,0.87
67,deno,104029,7.29,13361,342,4.6 horas,Rust,0.83
68,nodebestpractices,104007,7.95,765,0,0.1 horas,Dockerfile,0.87
69,create-react-app,103466,9.12,1949,83,0.0 horas,JavaScript,0.78
70,GitHub-Chinese-Top-Charts,101576,5.98,0,0,0.1 horas,Java,0.47
71,godot,100622,11.65,38749,61,0.1 horas,C++,0.79
72,terminal,99354,8.05,4198,138,0.1 horas,C++,0.88
73,DeepSeek-V3,99018,0.67,24,1,0.0 horas,Python,0.95
74,angular,98551,10.95,3898,471,0.6 horas,TypeScript,0.95
75,frp,97886,9.69,687,106,0.1 horas,Go,0.99
76,papers-we-love,97550,11.7,437,0,0.0 horas,Shell,1.0
77,Awesome-Hacking,96853,9.41,34,0,0.1 horas,N/A,0
78,iptv,96583,6.79,6672,0,0.2 horas,TypeScript,0.97
79,material-ui,96474,11.03,20825,547,0.1 horas,TypeScript,0.92
80,rustdesk,96414,4.91,3645,31,0.1 horas,Rust,0.98
81,generative-ai-for-beginners,96154,2.19,395,0,0.5 horas,Jupyter Notebook,0.95
82,tauri,95965,6.13,5179,1000,0.3 horas,Rust,0.8
83,ant-design,95796,10.35,15792,714,0.1 horas,TypeScript,0.96
84,thefuck,93731,10.39,481,17,0.3 horas,Python,0.62
85,ui,93724,2.65,639,52,0.0 horas,TypeScript,0.71
86,clean-code-javascript,93716,8.76,149,0,0.2 horas,JavaScript,0.69
87,HowToCook,92864,5.5,586,4,0.0 horas,Dockerfile,0.44
88,pytorch,92715,9.04,6193,61,0.1 horas,Python,0.71
89,java-design-patterns,92578,11.05,1507,0,0.1 horas,Java,0.87
90,neovim,92294,11.58,16181,45,0.1 horas,Vim Script,0.87
91,puppeteer,92180,8.3,5427,560,0.8 horas,TypeScript,0.96
92,Web-Dev-For-Beginners,91613,4.8,523,0,0.6 horas,JavaScript,0.73
93,DeepSeek-R1,90975,0.6,9,1,0.0 horas,N/A,0.94
94,vue-element-admin,89809,8.37,311,49,1.5 horas,Vue,0.65
95,tailwindcss,89809,7.89,3075,290,0.0 horas,TypeScript,0.98
96,FreeDomain,89422,1.24,0,0,0.0 horas,HTML,0
97,fastapi,88840,6.72,2739,208,0.7 horas,Python,0.99
98,every-programmer-should-know,87978,8.01,99,0,0.1 horas,N/A,0.44
99,awesome-mac,87683,9.12,992,12,0.1 horas,JavaScript,0.76
100,supabase,87678,5.88,12979,22,0.3 horas,TypeScript,0.95
101,storybook,87607,9.45,11484,1000,0.1 horas,TypeScript,0.85
102,whisper,87290,2.95,119,13,0.0 horas,Python,0
103,ComfyUI,86722,2.61,1220,74,0.0 horas,Python,0.59
104,nvm,86592,15.38,729,70,0.3 horas,Shell,0.86
105,NextChat,85661,2.47,889,77,0.3 horas,TypeScript,0.81
106,v2rayN,85632,6.08,275,266,0.2 horas,C#,1.0
107,llama.cpp,85579,2.47,5575,1000,0.0 horas,C++,0.94
108,bitcoin,85225,14.7,15520,56,1.0 horas,C++,0.95
109,app-ideas,85020,6.5,149,0,0.2 horas,N/A,0.26
110,django,84794,13.34,9873,0,1.0 horas,Python,0
111,svelte,83926,8.77,6002,512,0.1 horas,JavaScript,0.9
112,gin,83733,11.2,1114,27,1.0 horas,Go,0.72
113,opencv,83703,13.12,13093,66,1.8 horas,C++,0.77
114,hugo,83086,12.15,2970,337,0.1 horas,Go,0.94
115,mermaid,82443,10.82,2445,164,0.9 horas,TypeScript,0.62
116,realworld,82267,9.5,433,0,0.6 horas,TypeScript,0.93
117,animate.css,82086,13.88,315,22,0.1 horas,CSS,0.96
118,laravel,81951,14.23,1641,198,0.1 horas,Blade,0
119,mall,81398,7.4,1,3,0.8 horas,Java,0.98
120,core,80940,11.95,75895,1000,0.5 horas,Python,0.96
121,manim,80198,10.44,642,13,1.8 horas,Python,0.63
122,bun,80055,4.37,6005,197,0.3 horas,Zig,0.63
123,FiraCode,79987,10.8,137,29,4.6 horas,Clojure,0.7
124,system-prompts-and-models-of-ai-tools,79301,0.48,29,0,0.2 horas,N/A,0.54
125,spring-boot,78229,12.86,42,320,0.4 horas,Java,0.99
126,advanced-java,78155,6.9,88,1,0.8 horas,Java,0.99
127,devops-exercises,78058,5.9,302,0,0.1 horas,Python,0.65
128,models,77623,9.56,2341,50,9.9 horas,Python,0.85
129,awesome-for-beginners,76996,9.85,453,0,0.1 horas,N/A,0.94
130,ML-For-Beginners,76903,4.49,377,0,1.7 horas,HTML,0.96
131,awesome-interview-questions,76738,9.75,175,0,0.1 horas,N/A,0.56
132,gpt4all,76556,2.42,934,38,0.4 horas,C++,0.68
133,playwright,76425,5.78,15091,151,0.3 horas,TypeScript,0.95
134,LeetCodeAnimation,76409,6.73,63,0,2.0 horas,Java,0.68
135,funNLP,75677,7.02,14,0,0.0 horas,Python,0.58
136,netdata,75673,12.2,10949,121,0.4 horas,C,0.98
137,syncthing,75604,11.76,2764,440,0.1 horas,Go,0.94
138,Font-Awesome,75586,13.53,212,60,4.0 horas,JavaScript,0.81
139,github-readme-stats,75548,5.14,1318,0,0.3 horas,JavaScript,0.85
140,system-design-101,75536,1.94,23,0,0.5 horas,N/A,0.31
141,vite,74938,5.35,5596,598,0.1 horas,TypeScript,0.94
142,json-server,74835,11.75,121,38,0.9 horas,JavaScript,0.47
143,union,74816,2.28,2777,95,0.2 horas,Rust,0.87
144,immich,74467,3.56,7194,263,0.1 horas,TypeScript,0.91
145,weekly,74428,6.88,101,0,1.2 horas,N/A,0.15
146,uptime-kuma,74139,4.15,1320,111,0.0 horas,JavaScript,0.83
147,hoppscotch,73684,6.02,1881,83,0.5 horas,TypeScript,0.76
148,elasticsearch,73645,15.56,80717,202,0.1 horas,Java,0.89
149,code-server,73585,6.5,1578,201,2.4 horas,TypeScript,0.96
150,fzf,73239,11.85,595,70,0.1 horas,Go,0.92
151,awesome-vue,73210,9.86,3574,0,1.9 horas,N/A,0.83
152,Best-websites-a-programmer-should-visit,73049,8.48,431,0,0.1 horas,N/A,0.59
153,Deep-Live-Cam,72737,1.92,85,8,0.0 horas,Python,0.93
154,nest,72426,8.56,7422,131,4.5 horas,TypeScript,1.0
155,markitdown,72373,0.78,161,15,0.1 horas,Python,0.22
156,clash-verge-rev,72161,1.76,323,50,0.0 horas,TypeScript,0.96
157,gemini-cli,72155,0.36,2021,51,0.1 horas,TypeScript,0.64
158,d2l-zh,71937,8.02,1019,16,0.9 horas,Python,0
159,stable-diffusion,71376,3.05,5,0,3.2 horas,Jupyter Notebook,0.27
160,Front-End-Checklist,71058,7.87,179,1,0.2 horas,N/A,0.99
161,screenshot-to-code,70799,1.78,49,0,0.0 horas,Python,0.73
162,redis,70639,16.44,4167,96,0.4 horas,C,0.68
163,moby,70552,12.61,21509,237,0.4 horas,Go,0.86
164,flask,70224,15.4,1613,37,4.4 horas,Python,1.0
165,Ventoy,70166,5.47,280,105,0.7 horas,C,0.66
166,cs-video-courses,69648,8.85,234,0,0.6 horas,N/A,0
167,grafana,69630,11.72,56894,550,0.1 horas,TypeScript,0.92
168,awesome-react,69573,11.07,780,0,0.1 horas,N/A,0.96
169,PayloadsAllTheThings,69489,8.86,548,5,0.1 horas,Python,0
170,reveal.js,69477,14.23,409,49,1.1 horas,JavaScript,0.69
171,awesome-machine-learning,69460,11.12,872,0,3.0 horas,Python,1.0
172,strapi,69309,9.91,9132,479,0.2 horas,TypeScript,0.91
173,gpt_academic,69159,2.44,224,32,0.2 horas,Python,0.85
174,tesseract,69097,11.05,1411,34,0.8 horas,C++,0.84
175,swift,68988,9.85,55496,60,0.1 horas,C++,0.56
176,protobuf,68897,11.01,7802,195,0.9 horas,C++,0.96
177,browser-use,68738,0.82,1022,77,0.0 horas,Python,0.56
178,cpython,68552,8.55,52863,0,0.1 horas,Python,0.9
179,node,68468,2.57,186,54,12.4 horas,Go,0.79
180,sherlock,68244,6.68,642,1,0.1 horas,Python,0.9
181,imgui,67832,11.11,405,114,0.4 horas,C++,0.84
182,superset,67759,10.11,14866,233,3.8 horas,TypeScript,0.96
183,awesome-mcp-servers,67754,0.74,926,0,0.2 horas,N/A,0.7
184,express,67603,16.18,461,160,0.7 horas,JavaScript,0.97
185,new-pac,67532,9.44,0,0,0.1 horas,Python,0.75
186,LLMs-from-scratch,67530,2.1,390,0,0.5 horas,Jupyter Notebook,0.98
187,openai-cookbook,67465,3.47,868,0,0.6 horas,Jupyter Notebook,0.93
188,cs-self-learning,66770,3.85,297,5,0.5 horas,HTML,0.5
189,localsend,66621,2.7,667,24,0.3 horas,Dart,0.45
190,obs-studio,66435,11.91,5247,223,0.3 horas,C,0.85
191,Chart.js,66434,12.45,3002,116,1.0 horas,JavaScript,0.94
192,caddy,66415,10.62,2131,130,0.4 horas,Go,0.96
193,ansible,66073,13.48,39207,163,0.4 horas,Python,0.98
194,uv,65953,1.9,7253,209,0.3 horas,Rust,0.74
195,awesome-cpp,65921,11.12,801,0,0.1 horas,N/A,0.41
196,servers,65887,0.77,901,19,0.1 horas,TypeScript,0.74
197,tabby,65721,8.68,1489,201,0.9 horas,TypeScript,0.6
198,33-js-concepts,65550,6.98,252,0,0.8 horas,JavaScript,0.79
199,webpack,65502,13.47,5122,438,0.1 horas,JavaScript,0.99
200,act,65381,6.65,1049,88,1.6 horas,Go,0.83
201,SecLists,65234,13.53,681,28,0.1 horas,PHP,0.98
202,AppFlowy,65115,4.2,3886,111,0.1 horas,Dart,0.73
203,gpt4free,65023,2.41,822,337,1.0 horas,Python,1.0
204,lobe-chat,64879,2.27,2526,1000,0.5 horas,TypeScript,0.79
205,javascript-questions,64804,6.21,328,0,1.4 horas,N/A,0.93
206,awesome-scalability,64781,7.67,36,0,0.0 horas,N/A,0
207,Stirling-PDF,64679,2.58,2267,135,0.2 horas,Java,0.77
208,echarts,64469,12.41,1449,122,0.2 horas,TypeScript,0.9
209,zed,64427,4.52,16477,972,0.2 horas,Rust,0.82
210,interviews,64391,8.53,42,0,0.9 horas,Java,0.43
211,awesome-public-datasets,64183,10.78,188,1,3.2 horas,N/A,0.41
212,lazygit,64082,7.28,1692,169,0.0 horas,Go,0.7
213,nocode,63815,7.56,1,1,0.2 horas,Dockerfile,0.15
214,the-algorithm,63515,2.42,2,0,2.8 horas,Scala,0.72
215,anime,63458,9.46,80,23,0.1 horas,JavaScript,0.9
216,keras,63366,10.42,4245,81,0.9 horas,Python,0.98
217,ragflow,63177,1.71,3779,32,0.2 horas,TypeScript,0.46
218,scikit-learn,63149,15.04,13477,47,0.7 horas,Python,0.86
219,Java,63105,9.12,2021,0,0.9 horas,Java,0.99
220,awesome-llm-apps,62988,1.33,133,0,0.0 horas,Python,0.96
221,design-resources-for-developers,62873,5.31,951,0,0.2 horas,N/A,1.0
222,annotated_deep_learning_paper_implementations,62817,5.01,101,0,0.1 horas,Python,0.82
223,OpenHands,62606,1.46,5169,76,0.1 horas,Python,0.9
224,resume.github.com,62595,14.56,84,0,4.2 horas,JavaScript,0.54
225,Apollo-11,62562,11.41,343,0,0.3 horas,Assembly,0.85
226,awesome-courses,62438,10.79,194,0,0.1 horas,N/A,0.48
227,awesome-nodejs,62371,11.13,418,0,0.1 horas,N/A,0.98
228,socket.io,62341,15.47,435,75,0.7 horas,TypeScript,0.95
229,sway,62164,4.6,3509,178,5.0 horas,Rust,0.74
230,docusaurus,61486,8.19,5487,151,0.8 horas,TypeScript,0.91
231,redux,61319,10.25,1721,78,0.1 horas,TypeScript,0.98
232,Prompt-Engineering-Guide,61195,2.7,338,0,0.4 horas,MDX,0.32
233,lodash,60896,13.4,581,2,0.1 horas,JavaScript,0.98
234,atom,60589,13.61,3933,538,1.0 horas,JavaScript,0.94
235,Front-end-Developer-Interview-Questions,60534,13.55,484,0,2.0 horas,Nunjucks,0.81
236,architect-awesome,60415,7.39,49,0,6.9 horas,N/A,0.31
237,open-interpreter,60360,2.12,369,48,0.5 horas,Python,0.78
238,llm-course,60288,2.19,1,0,0.1 horas,N/A,0.36
239,localstack,60269,8.84,6248,94,0.1 horas,Python,0.96
240,alacritty,60107,9.53,1888,101,0.8 horas,Rust,0.95
241,prometheus,60095,12.76,7638,342,0.1 horas,Go,0.91
242,markdown-here,60002,13.3,27,17,0.5 horas,JavaScript,0.52
243,rustlings,59754,9.96,915,46,0.5 horas,Rust,0.94
244,ghidra,59700,6.5,524,45,0.0 horas,Java,0.73
245,jquery,59555,16.41,812,11,0.2 horas,JavaScript,0.97
246,nerd-fonts,59349,10.73,550,38,0.0 horas,CSS,0.97
247,tldr,59008,11.73,14788,6,0.1 horas,Markdown,0.88
248,shadowsocks-windows,58987,12.62,290,55,6.1 horas,C#,0.94
249,angular.js,58762,15.65,789,0,0.0 horas,JavaScript,0.96
250,spring-framework,58730,14.73,871,341,1.0 horas,Java,0.99
251,llama,58676,2.53,53,0,0.1 horas,Python,0.59
252,MetaGPT,58112,2.16,660,22,1.2 horas,Python,0.98
253,scrapy,58067,15.52,2392,43,0.1 horas,Python,0.85
254,nuxt,58029,8.84,6916,256,1.5 horas,TypeScript,0.95
255,uBlock,57974,10.41,252,277,2.1 horas,JavaScript,1.0
256,leetcode-master,57966,5.71,2306,0,0.7 horas,Shell,0.24
257,fuel-core,57549,5.0,1553,123,3.2 horas,Rust,0.87
258,rails,57349,17.39,25170,149,0.9 horas,Ruby,0.97
259,html5-boilerplate,57144,15.6,790,34,0.2 horas,JavaScript,0.99
260,awesome-flutter,56989,8.31,444,0,0.1 horas,Dart,0
261,LLaMA-Factory,56827,2.25,697,34,0.0 horas,Python,0.92
262,nocodb,56653,7.83,5322,174,1.1 horas,TypeScript,0.85
263,private-gpt,56518,2.32,224,10,0.7 horas,Python,0.79
264,DeepLearning-500-questions,56489,7.17,302,0,2.4 horas,JavaScript,0.42
265,drawio-desktop,56474,8.26,20,159,1.3 horas,JavaScript,0.96
266,vllm,56452,2.55,8872,73,0.0 horas,Python,0.83
267,you-get,56364,13.02,582,123,2.7 horas,Python,0
268,mkcert,56273,7.18,52,14,0.1 horas,Go,0.69
269,traefik,56226,9.96,4714,483,0.9 horas,Go,0.9
270,git,56221,17.1,3,0,0.4 horas,C,0
271,awesome-chatgpt-prompts-zh,56031,2.71,33,0,0.4 horas,N/A,0.6
272,openpilot,55934,8.76,11796,58,1.2 horas,Python,0.96
273,gatsby,55916,10.27,18184,155,0.2 horas,JavaScript,0.98
274,leetcode,55583,7.42,257,40,0.8 horas,JavaScript,0.96
275,Magisk,55510,8.97,1622,151,0.1 horas,Kotlin,0.99
276,react-router,55416,11.29,3201,311,0.1 horas,TypeScript,0.99
277,face_recognition,55330,8.49,94,2,1.9 horas,Python,0.43
278,yolov5,55128,5.28,2211,10,0.0 horas,Python,0.97
279,Real-Time-Voice-Cloning,54915,6.26,48,0,0.7 horas,Python,0.81
280,minio,54846,10.62,9855,519,0.6 horas,Go,1.0
281,ripgrep,54816,9.47,516,72,0.1 horas,Rust,0.92
282,gpt-engineer,54784,2.33,350,20,0.5 horas,Python,0.94
283,AFFiNE,54596,3.07,8711,577,0.8 horas,TypeScript,0.9
284,faceswap,54441,7.69,357,4,6.5 horas,Python,0.96
285,zustand,54348,6.39,808,98,1.1 horas,TypeScript,1.0
286,element,54242,8.99,3231,145,0.9 horas,Vue,0.85
287,bat,54140,7.36,1469,41,0.0 horas,Rust,0.79
288,ChatGPT,54050,2.72,123,34,0.0 horas,Rust,0.3
289,project-layout,53617,7.97,90,0,0.8 horas,Makefile,0.39
290,awesome-android-ui,53515,10.68,90,0,0.1 horas,N/A,0.82
291,rich,53475,5.8,836,170,0.7 horas,Python,0.85
292,hackingtool,53388,5.38,56,0,0.1 horas,Python,0.86
293,normalize.css,53364,14.33,56,0,0.5 horas,CSS,0.89
294,requests,53221,14.54,1591,14,0.1 horas,Python,0.95
295,maybe,53191,1.65,1073,28,1.3 horas,Ruby,0
296,PaddleOCR,53087,5.31,2961,24,0.5 horas,Python,0.99
297,pi-hole,53073,11.22,2106,118,2.4 horas,Shell,0.99
298,astro,53035,4.45,7333,1000,0.6 horas,TypeScript,0.97
299,meilisearch,52947,7.35,2153,268,0.5 horas,Rust,0.91
300,FFmpeg,52683,14.38,16,0,0.7 horas,C,0
301,firecrawl,52489,1.36,837,24,0.0 horas,TypeScript,0.8
302,appwrite,52486,6.39,3869,112,0.1 horas,TypeScript,0.85
303,rclone,52277,11.45,2121,115,1.0 horas,Go,0.83
304,awesome-rust,52271,11.12,1571,0,0.1 horas,Rust,0.93
305,github-cheat-sheet,52191,11.38,129,0,0.1 horas,N/A,0.68
306,material-design-icons,52019,10.89,50,16,1.0 horas,N/A,0.76
307,ionic-framework,52008,12.02,6304,914,1.0 horas,TypeScript,0.97
308,dive,51835,7.29,164,28,1.3 horas,Go,0.56
309,pdf.js,51695,14.35,8107,76,6.4 horas,JavaScript,0.96
310,crawl4ai,51657,1.3,92,8,0.0 horas,Python,0.81
311,segment-anything,51651,2.43,15,0,0.4 horas,Jupyter Notebook,0.25
312,OpenBB,51460,4.69,4115,46,0.0 horas,Python,0.98
313,core,51408,7.21,3238,247,1.9 horas,TypeScript,0.88
314,Docker-OSX,51253,5.23,107,0,0.2 horas,Shell,0.42
315,Semantic-UI,51199,12.39,355,154,3.7 horas,JavaScript,0.84
316,kotlin,51160,13.54,2064,266,0.3 horas,Kotlin,0
317,trackerslist,51143,9.35,1,0,4.7 horas,N/A,0.99
318,marktext,51085,7.79,939,36,0.8 horas,JavaScript,0.56
319,guava,51050,11.25,1015,56,0.8 horas,Java,0.83
320,joplin,51015,8.61,4428,386,0.5 horas,TypeScript,0.92
321,prettier,50892,8.75,8877,127,0.1 horas,JavaScript,0.82
322,starship,50771,6.41,2902,135,0.4 horas,Rust,0.71
323,powerlevel10k,50695,6.51,167,33,1.1 horas,Shell,0.96
324,jekyll,50534,16.86,3188,112,4.2 horas,Ruby,0.98
325,grok-1,50452,1.45,5,0,2.5 horas,Python,0
326,Ghost,50424,12.32,14292,903,0.3 horas,JavaScript,0.99
327,GPT-SoVITS,50391,1.62,338,4,0.2 horas,Python,0.62
328,gitea,50338,8.82,17788,216,0.7 horas,Go,0.83
329,ImHex,50256,4.79,672,80,1.1 horas,C++,0.83
330,DefinitelyTyped,50244,12.9,52131,1,0.3 horas,TypeScript,0.93
331,etcd,50156,12.15,9805,259,1.0 horas,Go,0.97
332,pocketbase,50107,3.15,54,221,0.4 horas,Go,0.99
333,first-contributions,50070,8.94,86314,0,0.5 horas,N/A,0.98
334,chinese-poetry,49989,8.99,137,1,4.5 horas,JavaScript,0.44
335,bulma,49925,9.6,642,22,1.2 horas,CSS,0.88
336,cline,49781,1.14,1701,147,0.1 horas,TypeScript,0.78
337,awesome-ios,49725,11.14,2233,0,0.1 horas,Swift,1.0
338,go-ethereum,49634,11.67,8268,219,0.4 horas,Go,0.98
339,OpenManus,49249,0.47,106,3,0.3 horas,Python,0.45
340,hiring-without-whiteboards,49180,8.46,1300,0,0.2 horas,JavaScript,0
341,autogen,49139,2.03,2501,97,0.1 horas,Python,0.86
342,Motrix,49006,6.7,192,21,0.8 horas,JavaScript,0.44
343,mastodon,48910,9.52,17740,289,0.0 horas,Ruby,0.67
344,cypress,48845,10.49,7384,373,4.9 horas,TypeScript,0.91
345,30-Days-Of-Python,48840,5.77,61,0,0.1 horas,Python,0.59
346,awesome-wechat-weapp,48826,8.93,277,0,0.1 horas,N/A,0
347,hacker-scripts,48653,9.77,63,0,5.0 horas,JavaScript,0.6
348,vaultwarden,48436,7.53,1003,73,0.0 horas,Rust,1.0
349,anything-llm,48376,2.23,1072,20,0.1 horas,JavaScript,0.9
350,alist,48302,4.68,864,137,0.6 horas,Go,0.87
351,PowerShell,48281,9.62,7555,186,0.6 horas,C#,0.92
352,RxJava,48262,12.64,3329,241,0.4 horas,Java,1.0
353,dayjs,48171,7.39,701,120,1.2 horas,JavaScript,0.48
354,moment,48092,14.5,714,0,17.2 horas,JavaScript,0.94
355,100-Days-Of-ML-Code,48044,7.15,6,0,4.1 horas,N/A,0
356,professional-programming,47951,9.81,39,0,0.4 horas,Python,1.0
357,ChinaTextbook,47715,5.65,1,0,0.6 horas,Roff,0.47
358,algorithm-visualizer,47663,9.29,183,0,3.8 horas,JavaScript,0.64
359,julia,47539,14.36,25846,181,2.0 horas,Julia,0.84
360,big-list-of-naughty-strings,47393,10.06,90,0,1 dias,Python,0.32
361,huginn,47133,12.47,1043,1,0.8 horas,Ruby,0.72
362,ladybird,47012,1.24,4281,0,0.1 horas,C++,0.56
363,json,46993,12.16,901,45,0.7 horas,C++,0.98
364,serverless,46857,10.36,4717,455,0.9 horas,JavaScript,0.83
365,gogs,46819,11.55,1766,84,0.4 horas,Go,0.82
366,Projects,46778,12.15,19,0,0.6 horas,N/A,0.42
367,x64dbg,46773,10.38,744,4,0.7 horas,C++,0.77
368,design-patterns-for-humans,46762,8.53,50,0,5.1 horas,N/A,0.9
369,okhttp,46612,13.1,3766,0,1.0 horas,Kotlin,0.99
370,react,46573,7.24,371,0,5.8 horas,JavaScript,1.0
371,query,46414,5.96,2895,1000,0.1 horas,TypeScript,0.97
372,pandas,46413,15.02,26934,112,2.7 horas,Python,0.87
373,type-challenges,46345,5.1,588,0,1.0 horas,TypeScript,0.11
374,v2ray-core,46319,9.99,203,247,0.9 horas,Go,1.0
375,open-source-ios-apps,46260,10.59,1417,37,0.1 horas,N/A,1.0
376,terraform,46228,11.46,12808,379,0.0 horas,Go,0.92
377,Fooocus,46103,2.05,447,21,0.7 horas,Python,0.87
378,learn-regex,46071,8.1,132,0,1.0 horas,N/A,0.4
379,quill,46001,13.08,381,95,0.9 horas,TypeScript,0.87
380,lx-music-desktop,45924,6.04,86,110,0.4 horas,TypeScript,0.56
381,lazydocker,45807,6.28,186,42,4.9 horas,Go,0.52
382,htmx,45788,5.37,956,26,0.7 horas,JavaScript,0.64
383,pixijs,45629,12.6,3688,293,1.0 horas,TypeScript,0.96
384,kubernetes-the-hard-way,45560,9.14,73,0,3.1 horas,N/A,0.97
385,awesome-react-components,45310,9.18,324,0,0.1 horas,N/A,0.85
386,PythonDataScienceHandbook,45300,9.05,28,0,2.2 horas,Jupyter Notebook,0.38
387,odoo,45262,11.3,6181,0,0.1 horas,Python,0.82
388,architecture-samples,45255,9.56,232,0,5.5 horas,Kotlin,0.71
389,jadx,45253,12.45,577,31,1.0 horas,Java,0.8
390,typst,45135,5.93,1828,22,1.1 horas,Rust,0.74
391,dbeaver,45027,9.86,6126,230,0.6 horas,Java,0.84
392,jest,45008,11.72,5720,209,4.9 horas,TypeScript,0.97
393,30-Days-Of-JavaScript,44998,5.68,98,0,0.7 horas,JavaScript,0.34
394,open-source-mac-os-apps,44973,7.82,525,0,0.1 horas,N/A,0.76
395,AdminLTE,44951,11.68,1545,77,0.1 horas,CSS,0.95
396,discourse,44916,12.63,30155,0,1.0 horas,Ruby,0
397,awesome-java,44849,11.14,715,0,0.1 horas,N/A,1.0
398,ultralytics,44826,2.96,3542,261,0.1 horas,Python,0.98
399,text-generation-webui,44808,2.68,1183,80,0.9 horas,Python,0.36
400,unsloth,44723,1.74,484,16,0.2 horas,Python,0.71
401,frontend-dev-bookmarks,44687,12.19,129,1,0.1 horas,N/A,0.77
402,meteor,44686,13.61,2537,0,1.0 horas,JavaScript,0.97
403,brew,44641,9.48,13032,444,0.6 horas,Ruby,1.0
404,coolify,44617,4.59,1652,623,0.3 horas,PHP,0.8
405,zx,44531,4.32,553,96,0.2 horas,JavaScript,0.97
406,termux-app,44492,9.85,162,95,0.1 horas,Java,0.86
407,v2rayNG,44270,6.29,499,256,0.0 horas,Kotlin,1.0
408,hyper,44212,9.16,3291,88,0.9 horas,TypeScript,0.75
409,CppCoreGuidelines,44126,10.03,812,4,4.8 horas,CSS,0.8
410,awesome-cheatsheets,43945,7.8,169,0,0.0 horas,JavaScript,0.61
411,parcel,43935,8.06,2591,48,0.9 horas,JavaScript,0.91
412,llama_index,43919,2.82,7024,405,0.1 horas,Python,0.97
413,nanoGPT,43888,2.67,45,0,0.5 horas,Python,0.32
414,memos,43879,3.72,1797,80,0.3 horas,Go,0.99
415,awesome-design-patterns,43868,7.23,30,0,0.1 horas,N/A,0.33
416,build-web-application-with-golang,43784,13.08,757,0,4.7 horas,Go,0.6
417,acme.sh,43778,9.68,1422,44,0.9 horas,Shell,0.68
418,react-hook-form,43734,6.48,2071,585,1.4 horas,TypeScript,0.98
419,monaco-editor,43732,9.22,467,91,4.3 horas,JavaScript,0.82
420,JeecgBoot,43708,6.76,122,61,0.0 horas,Java,1.0
421,babel,43705,10.92,6288,442,0.1 horas,TypeScript,0.93
422,TensorFlow-Examples,43700,9.8,88,0,0.9 horas,Jupyter Notebook,0.3
423,retrofit,43692,14.98,1188,4,1.0 horas,HTML,0.95
424,fuels-rs,43631,3.82,899,117,5.0 horas,Rust,0.93
425,fuels-ts,43617,3.98,1969,154,5.0 horas,TypeScript,0.96
426,prisma,43604,6.19,6355,223,0.1 horas,TypeScript,0.8
427,grpc,43548,10.72,20052,356,0.1 horas,C++,0.94
428,Leaflet,43488,14.94,3119,33,0.6 horas,JavaScript,0.93
429,react-use,43470,6.84,1532,256,2.5 horas,TypeScript,0.41
430,front-end-interview-handbook,43467,7.62,346,0,18.0 horas,MDX,0.9
431,metabase,43405,10.57,34244,678,0.5 horas,Clojure,0.85
432,Rocket.Chat,43278,10.28,14491,1000,1.0 horas,TypeScript,0.84
433,Flowise,43040,2.41,1329,73,0.1 horas,TypeScript,0.72
434,pyenv,43003,13.0,975,132,0.1 horas,Roff,0.97
435,edex-ui,42975,8.58,399,29,0.1 horas,JavaScript,0.99
436,jellyfin,42938,6.72,4822,91,0.5 horas,C#,0.95
437,reactjs-interview-questions,42870,7.24,162,0,0.8 horas,JavaScript,0.97
438,whisper.cpp,42723,2.92,865,27,0.4 horas,C++,0.48
439,expo,42708,9.04,17982,0,0.1 horas,TypeScript,0.98
440,MinerU,42568,1.49,1031,121,0.1 horas,Python,0.92
441,nvm-windows,42566,10.94,107,23,0.6 horas,Go,0.92
442,ClickHouse,42549,9.24,50561,674,0.2 horas,C++,0.82
443,pm2,42485,12.28,553,128,2.9 horas,JavaScript,0.8
444,Made-With-ML,42479,6.81,147,0,1.3 horas,Jupyter Notebook,0.78
445,git-flight-rules,42426,11.1,225,0,2.1 horas,N/A,0.75
446,TTS,42278,5.27,465,98,0.4 horas,Python,0.99
447,what-happens-when,42217,11.81,108,0,2.9 horas,N/A,0.18
448,Alamofire,42064,11.08,650,102,6.3 horas,Swift,0.98
449,ruff,42000,3.05,11227,376,0.4 horas,Rust,0.79
450,python-patterns,41990,13.23,273,0,0.9 horas,Python,0.89
451,CPlusPlusThings,41889,6.13,72,0,1.6 horas,C++,0.96
452,sentry,41822,15.0,72919,154,0.2 horas,Python,0.86
453,spark,41768,11.51,8,0,1.0 horas,Scala,0
454,airflow,41744,10.38,29449,103,0.2 horas,Python,0.9
455,Pake,41689,2.87,101,32,0.2 horas,JavaScript,0.95
456,iina,41688,8.69,851,45,0.9 horas,Swift,0.58
457,chinese-independent-developer,41684,7.94,316,0,0.3 horas,N/A,0.99
458,freqtrade,41660,8.28,5912,100,0.4 horas,Python,0.99
459,EasySpider,41640,5.11,40,10,0.1 horas,JavaScript,0.68
460,stablediffusion,41626,2.76,17,0,2.4 horas,Python,0.23
461,kong,41617,10.78,6481,145,0.4 horas,Lua,0.99
462,cobra,41579,11.99,614,24,0.0 horas,Go,0.81
463,yarn,41561,9.61,1654,152,0.9 horas,JavaScript,0.72
464,tldraw,41468,4.3,3569,81,1.0 horas,TypeScript,0.87
465,diagrams,41382,5.57,332,44,0.5 horas,Python,0.42
466,GitHubDaily,41378,6.66,3,0,0.1 horas,N/A,0.3
467,swiper,41346,13.46,604,87,0.4 horas,JavaScript,0.96
468,ailearning,41318,8.51,478,2,0.2 horas,Python,0.97
469,dubbo,41254,13.2,5787,111,1.0 horas,Java,0.89
470,bevy,41229,5.61,6232,43,0.7 horas,Rust,0.67
471,vue2-elm,41153,8.68,21,0,1.6 horas,Vue,0.81
472,jsoncrack.com,41119,3.57,85,22,0.2 horas,TypeScript,0.87
473,ColossalAI,41118,3.83,3700,50,0.6 horas,Python,0.75
474,ChatGLM-6B,41113,2.46,48,0,10.8 horas,Python,0.57
475,streamlit,41103,6.01,5676,106,0.1 horas,Python,0.8
476,uni-app,41064,7.13,466,0,1.8 horas,JavaScript,0.86
477,spotube,41051,4.53,246,40,0.6 horas,Dart,0.58
478,nw.js,41048,13.65,575,0,5.1 horas,JavaScript,0.88
479,awesome-compose,40998,5.54,149,0,0.1 horas,HTML,0.31
480,styled-components,40887,9.04,966,176,0.1 horas,TypeScript,0.9
481,black,40857,7.46,1585,46,1.5 horas,Python,0.88
482,zig,40733,10.07,9203,20,1.1 horas,Zig,0.74
483,vuetify,40705,8.96,4404,606,4.1 horas,TypeScript,0.97
484,hexo,40688,12.93,945,114,1.0 horas,TypeScript,0.98
485,TrafficMonitor,40638,8.08,63,26,0.6 horas,C++,0.38
486,Summer2026-Internships,40472,5.26,1673,0,0.2 horas,N/A,0.99
487,fastlane,40439,10.74,6234,552,0.5 horas,Ruby,0.95
488,cli,40434,5.9,2608,175,0.7 horas,Go,0.84
489,fanqiang,40328,10.62,3,3,4.8 horas,Kotlin,0.59
490,mitmproxy,40286,15.54,2651,77,0.0 horas,Python,0.91
491,pure-bash-bible,40039,7.21,28,0,0.8 horas,Shell,0.43
492,penpot,39976,9.67,4541,59,0.1 horas,Clojure,0.75
493,tabler,39970,7.57,722,51,0.8 horas,HTML,0.92
494,cheat.sh,39951,8.31,129,0,0.9 horas,Python,0.52
495,WeChatMsg,39934,2.63,62,0,0.6 horas,N/A,0
496,DeepSpeed,39881,5.59,2750,98,1.0 horas,Python,0.66
497,AI-For-Beginners,39818,4.48,183,0,0.2 horas,Jupyter Notebook,0.8
498,zod,39723,5.47,850,183,0.2 horas,TypeScript,0.93
499,gradio,39650,6.69,4761,1000,0.8 horas,Python,0.93
500,50projects50days,39629,4.78,44,0,3.1 horas,CSS,0
501,helix,39623,5.24,4256,30,0.0 horas,Rust,0.84
502,ai-hedge-fund,39601,0.74,33,0,0.4 horas,Python,0.9
503,chakra-ui,39594,6.03,2815,1000,0.2 horas,TypeScript,1.0
504,awesome-remote-job,39581,10.66,592,0,0.1 horas,N/A,0.94
505,slidev,39553,4.35,711,394,0.2 horas,TypeScript,0.88
506,legado,39493,6.27,1134,115,0.5 horas,Kotlin,0.99
507,MoneyPrinterTurbo,39482,1.46,136,9,0.5 horas,Python,0.69
508,bert,39458,6.84,32,0,0.8 horas,Python,0.31
509,winutil,39436,3.33,846,22,0.1 horas,PowerShell,0.9
510,wrk,39423,13.45,0,0,1.0 horas,C,0.65
511,php-src,39398,14.21,4281,23,1.4 horas,C,0.81
512,zju-icicles,39393,9.17,224,0,10.1 horas,HTML,0.88
513,fd,39351,8.3,653,41,0.2 horas,Rust,0.86
514,upscayl,39294,3.08,100,29,0.2 horas,TypeScript,0.94
515,esbuild,39268,9.21,246,301,0.2 horas,Go,0.86
516,Deep-Learning-Papers-Reading-Roadmap,39242,8.87,28,0,0.3 horas,Python,0.09
517,English-level-up-tips,39204,8.25,26,0,2.1 horas,HTML,0.71
518,video.js,39067,15.3,1801,332,1.0 horas,JavaScript,0.89
519,FastChat,39034,2.44,849,14,4.9 horas,Python,0.56
520,materialize,38970,10.96,449,41,1.0 horas,JavaScript,0.88
521,pandoc,38957,15.45,1688,147,0.6 horas,Haskell,0.88
522,tidb,38943,9.98,33134,210,0.3 horas,Go,0.81
523,vim,38840,10.03,440,0,1.0 horas,Vim Script,0.83
524,mem0,38793,2.19,1676,265,1.2 horas,Python,0.68
525,gorm,38765,11.85,754,5,1.0 horas,Go,0.92
526,tmux,38690,10.24,1,37,0.1 horas,C,0.98
527,remote-jobs,38677,9.88,1290,0,0.1 horas,JavaScript,0.89
528,ray,38673,8.84,27231,109,0.1 horas,Python,0.87
529,curl,38658,15.45,198,91,1.0 horas,C,1.0
530,chatgpt-on-wechat,38623,3.06,261,63,0.1 horas,Python,0.85
531,aria2,38562,14.76,253,24,0.1 horas,C++,0.44
532,RSSHub,38476,7.41,11081,0,0.5 horas,TypeScript,0.94
533,styleguide,38451,10.28,194,0,3.8 horas,HTML,0.67
534,daisyui,38442,4.75,427,101,0.1 horas,Svelte,0.98
535,bark,38417,2.39,19,0,0.8 horas,Jupyter Notebook,0.51
536,plane,38370,2.77,5618,48,0.5 horas,TypeScript,0.66
537,quivr,38351,2.29,1819,354,0.5 horas,Python,1.0
538,trpc,38327,5.11,3711,218,0.7 horas,TypeScript,0.89
539,phaser,38307,12.38,1729,172,0.1 horas,JavaScript,0.98
540,Files,38285,6.65,5340,123,0.8 horas,C#,0.95
541,logseq,38239,5.27,3067,150,0.0 horas,Clojure,0.85
542,photoprism,38223,7.59,813,78,0.5 horas,Go,0.82
543,free,38107,5.22,0,0,2.1 horas,N/A,0.29
544,MPAndroidChart,38101,11.35,191,44,1.0 horas,Java,0.58
545,impress.js,38058,13.67,120,15,0.7 horas,JavaScript,0.89
546,leveldb,38040,11.01,64,21,1.3 horas,C++,0.69
547,shellcheck,37995,12.78,306,30,0.2 horas,Haskell,0.6
548,preact,37912,9.97,1922,231,9.2 horas,JavaScript,0.97
549,appsmith,37800,5.16,13949,290,0.1 horas,TypeScript,0.82
550,ccxt,37796,8.29,13382,174,0.2 horas,Python,0.92
551,cal.com,37766,4.43,10576,514,0.3 horas,TypeScript,0.86
552,Awesome-Design-Tools,37685,6.54,283,0,0.1 horas,JavaScript,0.56
553,novu,37657,4.0,6009,54,0.5 horas,TypeScript,0.86
554,ChatTTS,37650,1.25,214,6,0.9 horas,Python,0.89
555,system-design,37614,3.03,11,0,1.0 horas,N/A,0.95
556,python-cheatsheet,37605,7.59,14,0,0.1 horas,Python,0.92
557,Free-Certifications,37534,5.08,114,0,0.7 horas,N/A,0.65
558,fiber,37493,5.62,1816,128,0.1 horas,Go,0.95
559,freecodecamp.cn,37469,8.91,55,0,0.9 horas,CSS,0.76
560,jan,37468,2.03,2689,87,0.2 horas,TypeScript,0.95
561,Open-Assistant,37458,2.71,1614,127,0.5 horas,Python,0.86
562,ant-design-pro,37449,8.01,1010,26,2.5 horas,TypeScript,0.98
563,data-engineer-handbook,37308,1.77,171,0,0.1 horas,Jupyter Notebook,0.83
564,tutorials,37245,12.33,13377,0,1.0 horas,Java,0.98
565,lapce,37236,7.56,1171,32,5.5 horas,Rust,0.6
566,full-stack-fastapi-template,37221,6.51,411,10,0.5 horas,TypeScript,0.6
567,devdocs,37214,11.85,927,0,1.0 horas,Ruby,0.84
568,istio,37192,8.78,28456,393,1.0 horas,Go,0.98
569,windows,37149,1.62,411,104,0.5 horas,Shell,0.88
570,payload,37148,4.64,5835,522,0.2 horas,TypeScript,0.9
571,tesseract.js,37096,10.18,195,56,0.2 horas,JavaScript,0.96
572,GFPGAN,37021,4.44,14,8,3.8 horas,Python,0.27
573,insomnia,37013,9.35,3368,528,0.9 horas,TypeScript,0.82
574,aspnetcore,37004,11.47,17792,258,1.8 horas,C#,0.91
575,aider,36995,2.3,263,93,0.1 horas,Python,0.73
576,interview_internal_reference,36980,6.22,35,0,0.8 horas,Python,0.39
577,wtfjs,36955,8.12,125,25,1.4 horas,JavaScript,0.81
578,docs,36937,1.3,393,0,2.2 horas,MDX,0.39
579,googletest,36919,10.09,813,11,0.7 horas,C++,0.85
580,docling,36905,1.13,526,119,0.0 horas,Python,0.56
581,node,36902,1.29,35,6,2.2 horas,Shell,0.54
582,siyuan,36864,4.99,484,813,0.8 horas,TypeScript,0.97
583,taro,36850,7.39,3396,200,3.5 horas,TypeScript,0.88
584,milvus,36827,5.95,22825,130,0.1 horas,Go,0.96
585,faiss,36809,8.55,137,20,2.8 horas,C++,0.91
586,ink-kit,36806,0.81,90,0,2.2 horas,TypeScript,0.6
587,codex,36720,0.37,986,96,0.1 horas,Rust,0.66
588,halo,36714,7.44,2615,226,0.2 horas,Java,0.93
589,deeplearningbook-chinese,36694,8.73,16,7,10.2 horas,TeX,0.68
590,interview,36677,7.55,36,0,0.8 horas,C++,0.98
591,v,36661,6.55,12283,275,12.0 horas,V,0.89
592,arthas,36654,7.0,540,59,0.8 horas,Java,0.82
593,JavaFamily,36605,5.79,2,0,0.7 horas,N/A,0.92
594,wtfpython,36578,8.0,113,2,0.9 horas,Python,0.7
595,MockingBird,36575,4.06,80,1,0.5 horas,Python,0.46
596,bruno,36445,2.92,1275,140,0.2 horas,JavaScript,0.6
597,cli,36442,13.51,406,47,0.3 horas,Python,0.8
598,HEU_KMS_Activator,36417,6.18,0,48,0.3 horas,N/A,0.15
599,gym,36416,9.34,998,19,3.5 horas,Python,0.94
600,chatbox,36376,2.48,71,47,0.1 horas,TypeScript,0.64
601,ToolJet,36372,4.41,6688,322,2.7 horas,JavaScript,0.87
602,MediaCrawler,36322,2.22,101,0,0.3 horas,Python,0.8
603,Umi-OCR,36302,3.42,56,31,0.2 horas,Python,0.65
604,google-research,36250,6.9,29,0,0.5 horas,Jupyter Notebook,0.24
605,metasploit-framework,36224,14.0,11348,0,0.2 horas,Ruby,0.93
606,og-aws,36210,9.13,498,0,1.0 horas,Shell,0.38
607,nushell,36202,6.3,7907,111,0.3 horas,Rust,0.78
608,crewAI,36152,1.84,944,99,0.1 horas,Python,0.97
609,manifesto,36079,2.04,765,0,8.6 horas,HTML,0.54
610,date-fns,36066,10.9,1068,122,0.3 horas,TypeScript,0.68
611,compose,36041,11.72,3549,263,0.2 horas,Go,0.99
612,shadowsocks-android,36040,12.7,256,185,4.0 horas,Kotlin,0.98
613,lerna,36012,9.74,997,244,4.6 horas,TypeScript,0.85
614,Langchain-Chatchat,35965,2.41,615,31,0.1 horas,TypeScript,0.98
615,DragGAN,35911,2.28,18,0,6.1 horas,Python,0.24
616,sheetjs,35882,12.74,106,0,1.0 horas,N/A,0.95
617,955.WLB,35858,6.42,18,0,5.7 horas,N/A,0.31
618,cobalt,35854,3.14,243,0,0.6 horas,Svelte,0.83
619,puter,35775,1.48,596,8,0.3 horas,JavaScript,0.75
620,hello-algorithm,35750,5.25,26,0,17.1 horas,Java,0.75
621,typeorm,35724,9.5,2176,38,0.9 horas,TypeScript,0.72
622,desktop,35669,1.42,488,116,0.2 horas,C++,0.94
623,carbon,35653,8.2,668,215,4.7 horas,JavaScript,0.91
624,koa,35608,12.11,522,9,1.0 horas,JavaScript,0.98
625,HanLP,35549,10.89,79,62,4.4 horas,Python,0.99
626,engineering-blogs,35492,10.21,681,0,0.0 horas,Ruby,0.76
627,fullPage.js,35464,11.94,320,105,1 dias,JavaScript,0.97
628,lottie-android,35458,8.89,713,59,3.7 horas,Java,0.98
629,REKCARC-TSC-UHT,35448,6.4,171,0,0.5 horas,HTML,0.94
630,ai-agents-for-beginners,35430,0.75,151,0,0.0 horas,Jupyter Notebook,0.87
631,mindsdb,35418,7.07,5374,311,0.8 horas,Python,0.99
632,marked,35414,14.1,1557,156,0.1 horas,TypeScript,0.99
633,awesome-react-native,35337,10.43,912,0,0.9 horas,JavaScript,0.48
634,spacedrive,35308,3.92,1881,26,3.4 horas,TypeScript,0.77
635,nativefier,35287,10.15,261,99,1.0 horas,TypeScript,0.79
636,vim-plug,35171,11.97,177,8,1.0 horas,Vim Script,0.93
637,sqlmap,35140,13.18,173,10,1.0 horas,Python,0.99
638,twenty,35135,2.74,7238,46,0.4 horas,TypeScript,0.96
639,pytorch-image-models,35124,6.57,479,69,1.8 horas,Python,0.95
640,polars,35073,5.29,11503,226,0.4 horas,Rust,0.77
641,awesome-shell,35066,11.15,307,0,1.0 horas,N/A,0.37
642,hackathon-starter,35052,11.79,355,17,15.4 horas,JavaScript,0.99
643,the-way-to-go_ZH_CN,35017,12.43,592,0,1.0 horas,Go,0
644,glide,34946,12.14,576,47,2.2 horas,Java,0.87
645,NewPipe,34892,9.99,1664,137,0.3 horas,Java,0.87
646,LocalAI,34872,2.44,3946,83,0.1 horas,Go,0.66
647,Coursera-ML-AndrewNg-Notes,34850,7.82,14,0,0.6 horas,HTML,0.22
648,cursor-free-vip,34839,0.62,74,69,0.1 horas,Python,0.46
649,leetcode,34834,6.95,4106,21,0.8 horas,Java,1.0
650,AgentGPT,34815,2.39,539,12,0.1 horas,TypeScript,0.72
651,outline,34773,9.27,3358,147,0.1 horas,TypeScript,0.97
652,ghostty,34759,3.41,2643,1,0.0 horas,Zig,0.91
653,bubbletea,34731,5.63,629,62,0.1 horas,Go,0.8
654,awesome-javascript,34518,11.16,393,0,0.1 horas,N/A,0.95
655,caffe,34506,11.96,1087,14,14.9 horas,C++,0.81
656,fastify,34427,8.92,3135,298,0.8 horas,JavaScript,0.96
657,supervision,34422,2.75,967,33,0.6 horas,Python,0.85
658,TaskMatrix,34402,2.49,21,0,5.6 horas,Python,0.38
659,node-v0.x-archive,34380,16.26,218,0,6.2 horas,N/A,1.0
660,netty,34374,14.81,4437,0,2.1 horas,Java,0.91
661,RevokeMsgPatcher,34356,6.1,11,21,0.8 horas,C#,0.95
662,jieba,34353,12.92,96,9,4.7 horas,Python,0.26
663,manim,34328,5.28,1926,29,2.4 horas,Python,0.78
664,formik,34290,8.21,829,196,5.5 horas,TypeScript,0.69
665,LLM101n,34269,1.25,0,0,2.4 horas,N/A,0
666,gold-miner,34247,9.82,3563,0,1.0 horas,N/A,1.0
667,portainer,34223,9.28,4778,163,0.3 horas,TypeScript,0.9
668,HowToLiveLonger,34221,3.37,14,0,0.5 horas,N/A,0.75
669,OpenVoice,34213,1.75,17,0,1.0 horas,Python,0.21
670,llvm-project,34167,8.73,56186,137,0.0 horas,LLVM,0.7
671,clipboard.js,34161,9.95,117,42,7.9 horas,JavaScript,0.98
672,solid,34127,7.35,385,35,0.1 horas,TypeScript,0.91
673,linux-command,34059,8.79,357,31,0.9 horas,Markdown,0.64
674,12306,34049,8.28,31,1,1.7 horas,Python,0.67
675,husky,34035,11.19,262,80,1.0 horas,JavaScript,0.93
676,anoma,34033,4.57,856,10,0.0 horas,Elixir,0.83
677,react-beautiful-dnd,34031,8.05,530,68,6.5 horas,JavaScript,0.65
678,framework,34009,12.63,16656,858,0.4 horas,PHP,1.0
679,poetry,33879,7.5,2335,142,0.2 horas,Python,0.92
680,spring-boot-demo,33859,7.8,15,0,0.9 horas,Java,0.42
681,Python,33804,13.75,1855,0,4.8 horas,Python,0.31
682,zsh-autosuggestions,33693,11.84,116,0,0.6 horas,Shell,0.75
683,shadowsocks,33652,13.36,70,2,10.5 horas,Python,0
684,LeetCode-Go,33648,8.12,178,4,0.7 horas,Go,0.8
685,awesome-deepseek-integration,33644,1.63,230,0,0.1 horas,N/A,0.31
686,AndroidUtilCode,33621,9.08,88,117,5.3 horas,Java,0.81
687,easyexcel,33596,7.56,190,14,0.8 horas,Java,0.86
688,JavaScript,33550,8.13,795,0,0.9 horas,JavaScript,0.96
689,zxing,33548,13.88,324,31,1.0 horas,Java,1.0
690,AFNetworking,33535,14.25,710,40,1 dias,Objective-C,0
691,ShareX,33501,11.89,753,83,1.9 horas,C#,0.92
692,aseprite,33499,11.03,412,118,1.0 horas,C++,0.58
693,mattermost,33472,10.21,19279,847,0.8 horas,TypeScript,0.93
694,awesome-docker,33464,10.94,940,1,1.0 horas,N/A,0.98
695,How-To-Ask-Questions-The-Smart-Way,33394,10.42,98,0,3.2 horas,JavaScript,0.69
696,stats,33382,6.25,410,303,1.8 horas,Swift,0.99
697,nps,33330,6.81,74,59,0.8 horas,Go,0.58
698,gpt-pilot,33319,2.03,393,0,0.6 horas,Python,0.57
699,XX-Net,33300,10.62,363,390,6.1 horas,Python,0.41
700,jax,33289,6.84,15171,126,1.6 horas,Python,0.75
701,Fabric,33207,1.65,438,251,0.4 horas,JavaScript,0.89
702,carbon-lang,33164,5.33,4367,416,1.0 horas,C++,0.78
703,brackets,33157,13.73,4332,69,8.1 horas,JavaScript,0.73
704,lossless-cut,33136,8.83,202,100,0.8 horas,TypeScript,0.87
705,harness,33132,11.56,1047,53,0.1 horas,Go,0.96
706,awesome-cursorrules,33081,0.94,65,0,0.1 horas,MDX,0.19
707,gulp,33066,12.16,411,24,9.6 horas,JavaScript,0.99
708,immutable-js,33065,11.16,598,89,8.5 horas,TypeScript,0.93
709,selenium,33041,12.62,3033,108,0.6 horas,Java,0.99
710,vault,33006,10.51,21302,168,1.0 horas,Go,0.82
711,ijkplayer,33002,12.24,35,0,1.0 horas,C,0.47
712,AnotherRedisDesktopManager,32996,6.64,152,53,0.8 horas,JavaScript,0.87
713,ruoyi-vue-pro,32972,4.59,64,44,5.0 horas,Java,1.0
714,openpose,32953,8.35,174,15,6.2 horas,C++,0.83
715,ControlNet,32950,2.57,4,0,4.5 horas,Python,0.24
716,ShadowsocksX-NG,32823,9.22,64,30,0.9 horas,Swift,0.77
717,awesome-awesomeness,32818,11.15,197,0,7.9 horas,Ruby,0.76
718,Folo,32804,1.39,1262,71,0.1 horas,TypeScript,0.91
719,libpku,32723,6.76,22,0,2.4 horas,TeX,0.74
720,C-Plus-Plus,32714,9.12,688,0,0.9 horas,C++,0.97
721,Reactive-Resume,32710,5.42,633,95,0.1 horas,TypeScript,0.79
722,qBittorrent,32696,13.57,3934,0,1.1 horas,C++,0.86
723,swc,32643,7.68,5602,716,0.1 horas,Rust,0.9
724,detectron2,32632,5.98,0,10,0.2 horas,Python,0.87
725,bulletproof-react,32568,4.24,70,0,0.2 horas,TypeScript,0.67
726,data-engineering-zoomcamp,32482,3.85,395,0,0.6 horas,Jupyter Notebook,0.99
727,pnpm,32476,9.59,2681,1000,0.7 horas,TypeScript,0.62
728,jq,32470,13.12,641,15,0.0 horas,C,0.84
729,certbot,32416,10.8,4008,62,6.6 horas,Python,0.98
730,rufus,32400,13.78,1,84,0.1 horas,C,1.0
731,drawdb,32394,2.12,237,0,0.0 horas,JavaScript,0.65
732,agno,32380,3.32,1781,87,0.2 horas,Python,0.9
733,it-tools,32350,5.4,491,10,0.2 horas,Vue,0.32
734,refine,32349,4.6,4427,1000,0.1 horas,TypeScript,0.98
735,spaCy,32324,11.16,3590,129,0.2 horas,Python,0.97
736,duckdb,32319,7.17,8236,51,0.1 horas,C++,0.92
737,modern-unix,32319,4.62,15,0,0.7 horas,N/A,0.36
738,Real-ESRGAN,32294,4.11,21,10,1.4 horas,Python,0.24
739,CyberChef,32294,8.75,510,447,1.6 horas,JavaScript,0.59
740,learnGitBranching,32286,13.04,606,0,2.3 horas,JavaScript,0.91
741,material-design-lite,32265,10.62,655,14,1 dias,HTML,0.83
742,serenity,32248,6.74,19537,0,2.6 horas,C++,0.83
743,tiptap,32229,7.02,1260,899,0.8 horas,TypeScript,0.78
744,beego,32221,13.5,1325,42,1.0 horas,Go,1.0
745,cherry-studio,32205,1.26,1983,192,0.0 horas,TypeScript,0.91
746,directus,32204,12.72,8095,342,1.0 horas,TypeScript,0.97
747,pathway,32180,2.75,5,75,0.2 horas,Python,0.56
748,chatbot-ui,32166,2.46,280,0,0.1 horas,TypeScript,0.82
749,my-tv,32149,1.73,11,72,3.5 horas,C,0.84
750,run,32109,3.38,171,0,7.3 horas,N/A,0.84
751,tabby,32004,2.45,2971,243,0.5 horas,Rust,0.78
752,etcher,31999,9.84,1731,289,1.9 horas,TypeScript,0.77
753,nacos,31986,7.21,3159,84,0.8 horas,Java,0.97
754,GPT_API_free,31950,2.35,1,0,0.2 horas,Python,0.93
755,chatgpt-web,31939,2.55,159,43,0.1 horas,Vue,1.0
756,yew,31901,7.7,1804,35,1.0 horas,Rust,0.91
757,vnpy,31894,10.5,1055,64,0.4 horas,Python,0.99
758,swr,31866,5.83,795,123,0.8 horas,TypeScript,0.85
759,awesome-php,31839,11.76,453,0,0.4 horas,N/A,0.99
760,v2ray-core,31834,6.37,909,111,3.0 horas,Go,0.96
761,mpv,31829,12.88,3505,87,0.0 horas,C,0.91
762,WxJava,31804,9.65,1053,30,1.0 horas,Java,0.97
763,android-open-project,31792,11.65,204,0,4.4 horas,N/A,0.87
764,shardeum,31766,1.36,325,0,12.0 horas,TypeScript,0.87
765,fairseq,31748,8.0,234,16,2.8 horas,Python,0.72
766,Hello-Python,31716,3.07,0,0,0.6 horas,Python,0.94
767,Retrieval-based-Voice-Conversion-WebUI,31687,2.42,475,7,0.2 horas,Python,0.68
768,go-zero,31683,5.05,2323,140,0.7 horas,Go,0.88
769,graphql-engine,31669,7.2,2110,294,0.3 horas,TypeScript,0.65
770,pytorch-tutorial,31660,8.47,28,0,3.3 horas,Python,0.63
771,floating-ui,31654,9.42,1190,497,2.5 horas,TypeScript,0.98
772,claude-code,31638,0.51,63,0,0.1 horas,TypeScript,0.57
773,mmdetection,31614,7.02,2359,53,3.4 horas,Python,0.79
774,YesPlayMusic,31569,4.88,288,31,0.7 horas,Vue,0.66
775,remix,31548,4.84,3441,175,2.3 horas,TypeScript,1.0
776,awesome-cto,31499,8.7,18,0,0.9 horas,N/A,1.0
777,html2canvas,31494,14.13,186,45,0.3 horas,TypeScript,0.63
778,echo,31453,10.5,593,109,1.0 horas,Go,0.95
779,vimrc,31450,13.25,107,0,0.5 horas,Vim Script,0.98
780,rxjs,31432,10.46,2588,2,4.6 horas,TypeScript,0.93
781,CasaOS,31424,3.92,274,97,0.6 horas,Go,0.56
782,lottie-web,31371,10.52,136,0,0.6 horas,JavaScript,0.73
783,MS-DOS,31359,7.18,37,0,3.9 horas,Assembly,0
784,servo,31356,13.56,20598,0,0.4 horas,HTML,0.79
785,OpenCut,31321,0.18,181,0,0.8 horas,TypeScript,0.39
786,xyflow,31285,6.12,1404,350,0.1 horas,TypeScript,0.96
787,netron,31265,14.68,1,3,0.6 horas,JavaScript,0.98
788,cockroach,31219,11.56,67779,0,1.0 horas,Go,0.92
789,backstage,31201,5.59,18977,445,2.1 horas,TypeScript,0.95
790,cursor,31167,2.46,46,0,0.1 horas,N/A,0.37
791,paper-reading,31147,3.85,15,0,0.4 horas,N/A,0
792,mediapipe,31105,6.21,201,63,0.8 horas,C++,0.92
793,linux-insides,31093,10.65,584,0,1.0 horas,Python,0.85
794,slate,31078,9.2,1943,205,2.5 horas,TypeScript,0.79
795,dokku,31074,12.23,4170,303,0.4 horas,Shell,0.98
796,Blog,31043,8.46,3,0,1 dias,N/A,0.28
797,sharp,31038,12.03,302,99,0.1 horas,JavaScript,0.97
798,ink,30974,8.21,236,63,0.1 horas,TypeScript,0.8
799,OCRmyPDF,30968,11.69,153,41,3.0 horas,Python,0.9
800,dotfiles,30964,13.98,44,0,0.8 horas,Shell,0.65
801,1Panel,30962,3.11,3850,96,0.6 horas,Go,0.88
802,MonitorControl,30955,7.95,216,26,0.9 horas,Swift,0.98
803,filebrowser,30942,9.96,608,97,3.0 horas,Go,0.99
804,lede,30940,7.98,2020,6,1.2 horas,C,0.92
805,croc,30923,7.86,236,175,0.9 horas,Go,0.98
806,paperless-ngx,30902,3.54,2574,123,0.5 horas,Python,1.0
807,jQuery-File-Upload,30889,14.75,119,0,23.1 horas,PHP,0.99
808,minikube,30861,9.37,8798,151,10.6 horas,Go,0.95
809,Xray-core,30856,4.8,1021,90,0.5 horas,Go,1.0
810,k9s,30850,6.59,840,248,1.3 horas,Go,0.81
811,khoj,30809,4.03,475,159,0.6 horas,Python,0.86
812,headscale,30779,5.19,1059,124,0.4 horas,Go,0.91
813,kafka,30765,14.04,11837,0,3.2 horas,Java,0
814,fish-shell,30751,13.31,2147,48,0.7 horas,Rust,0.94
815,awesome-sysadmin,30743,10.68,329,0,1.0 horas,N/A,0.86
816,editor.js,30736,9.75,863,102,2.7 horas,TypeScript,0.61
817,p3c,30729,8.18,62,0,0.4 horas,Kotlin,0.81
818,textual,30712,4.39,2177,185,0.1 horas,Python,0.92
819,interactive-coding-challenges,30694,10.34,176,0,2.2 horas,Python,0.46
820,Sortable,30690,11.7,248,30,0.6 horas,JavaScript,0.74
821,comprehensive-rust,30636,2.68,2174,0,6.6 horas,Rust,0.68
822,k3s,30612,7.25,4075,888,1.1 horas,Go,0.98
823,UTM,30597,6.38,266,122,0.8 horas,Swift,0.74
824,server,30591,9.24,28250,351,0.0 horas,PHP,0.89
825,spring-boot-examples,30580,8.81,7,0,0.9 horas,Java,0.91
826,calculator,30557,6.58,899,0,2.6 horas,C++,0.64
827,influxdb,30539,11.92,10615,93,0.1 horas,Rust,0.85
828,Trilium,30523,8.27,652,335,0.9 horas,TypeScript,0.76
829,symfony,30518,15.65,24318,555,0.7 horas,PHP,0.97
830,jsPDF,30509,15.73,721,36,1.3 horas,JavaScript,0.96
831,diffusers,30505,3.24,5019,86,1.1 horas,Python,0.89
832,gkd,30490,2.15,6,53,1.3 horas,Kotlin,0.98
833,exo,30486,1.17,207,12,0.1 horas,Python,0.29
834,Data-Science-For-Beginners,30486,4.48,325,0,0.1 horas,Jupyter Notebook,0.9
835,CLIP,30452,4.7,28,0,3.8 horas,Jupyter Notebook,0.44
836,umami,30402,5.12,800,99,0.3 horas,TypeScript,0.96
837,weekly,30398,8.44,136,193,0.9 horas,JavaScript,0.99
838,medusa,30396,5.61,7486,128,0.6 horas,TypeScript,0.97
839,webtorrent,30382,11.87,963,228,4.0 horas,JavaScript,0.96
840,rocksdb,30382,12.75,609,206,1.0 horas,C++,0.77
841,lux,30349,7.51,300,86,0.8 horas,Go,0.51
842,fabric.js,30348,15.22,2348,175,4.4 horas,TypeScript,0.93
843,layui,30335,9.94,590,158,1 dias,JavaScript,0.95
844,docsify,30326,8.77,732,15,0.6 horas,JavaScript,0.93
845,tqdm,30321,10.24,287,131,0.4 horas,Python,0.57
846,NeteaseCloudMusicApi,30317,9.19,292,0,1.0 horas,N/A,0.89
847,GPTs,30281,1.79,42,0,4.1 horas,N/A,0.75
848,numpy,30257,14.96,13107,132,3.2 horas,Python,0.84
849,dioxus,30254,4.62,1769,25,0.2 horas,Rust,0.79
850,alpine,30246,5.75,657,137,5.1 horas,HTML,1.0
851,HEAD,30223,9.36,87,0,9.2 horas,N/A,0.78
852,AI-Expert-Roadmap,30220,4.84,13,0,0.7 horas,JavaScript,0.7
853,llm-app,30167,2.11,47,0,0.3 horas,Jupyter Notebook,0.71
854,CheatSheetSeries,30162,6.68,1080,0,0.1 horas,Python,0.92
855,roop,30156,2.25,80,6,0.6 horas,Python,0
856,uppy,30155,9.79,3111,241,0.0 horas,TypeScript,0.93
857,sniffnet,30137,3.07,430,14,0.1 horas,Rust,0.85
858,sequelize,30137,15.11,4961,487,4.0 horas,TypeScript,0.91
859,stanford_alpaca,30132,2.47,5,0,4.0 horas,Python,0.37
860,OpenAPI-Specification,30113,11.49,1589,12,1.0 horas,Markdown,0.94
861,pytorch-lightning,30037,6.41,9091,167,1.1 horas,Python,0.88
862,hutool,30020,11.38,455,153,1.0 horas,Java,1.0
863,drizzle-orm,29964,4.18,611,147,0.5 horas,TypeScript,0.54
864,tinygrad,29954,4.86,8014,13,0.3 horas,Python,0.86
865,surrealdb,29933,3.72,2153,92,1.7 horas,Rust,0.7
866,particles.js,29914,10.98,21,6,0.6 horas,JavaScript,0.26
867,AdGuardHome,29859,9.15,125,214,0.7 horas,Go,0.8
868,restic,29809,11.34,2184,48,1.0 horas,Go,0.85
869,wails,29790,6.7,1504,243,0.3 horas,Go,0.88
870,leakcanary,29785,10.33,921,43,1.0 horas,Kotlin,0.92
871,DevToys,29780,3.91,497,38,0.2 horas,C#,0.7
872,foundation-sites,29769,13.88,2958,79,1.7 horas,HTML,0.99
873,Hyprland,29767,3.45,1887,96,0.0 horas,C++,0.99
874,awesome-python-cn,29754,9.82,51,0,4.8 horas,Makefile,0.58
875,awesome-macos-command-line,29751,9.93,104,0,6.8 horas,N/A,0
876,stb,29742,11.26,288,0,0.5 horas,C,0.78
877,cheerio,29713,13.89,2847,61,1.6 horas,TypeScript,0.98
878,vue-cli,29710,9.67,1259,178,16.7 horas,JavaScript,0.83
879,folly,29709,13.24,13,255,0.7 horas,C++,0.76
880,vue-vben-admin,29700,5.13,1641,60,0.4 horas,Vue,0.96
881,algo,29697,9.29,576,3,1.0 horas,Python,0.95
882,WSL,29658,9.39,139,94,0.2 horas,C++,0.91
883,glances,29656,13.74,743,51,0.1 horas,Python,0.94
884,Mr.-Ranedeer-AI-Tutor,29624,2.41,18,3,0.6 horas,N/A,0.72
885,apollo,29620,9.49,1449,41,8.6 horas,Java,0.96
886,DeepFaceLive,29616,4.7,13,35,2.5 horas,Python,0.99
887,motion,29613,6.78,1062,0,0.1 horas,TypeScript,0.84
888,project-guidelines,29557,8.16,113,0,0.3 horas,JavaScript,0.76
889,react-boilerplate,29535,10.53,715,16,0.1 horas,JavaScript,0.95
890,500lines,29516,11.82,175,0,0.7 horas,JavaScript,0.59
891,LibreChat,29496,2.54,2156,59,0.1 horas,TypeScript,0.95
892,mantine,29487,4.64,1494,272,0.1 horas,TypeScript,0.99
893,phantomjs,29478,14.68,562,0,1 dias,C++,1.0
894,react-three-fiber,29432,6.5,651,125,0.1 horas,TypeScript,0.93
895,tokio,29412,8.97,3596,138,2.0 horas,Rust,0.87
896,django-rest-framework,29403,14.5,3021,21,1.1 horas,Python,0.99
897,hey,29393,3.44,3765,0,0.6 horas,TypeScript,0
898,Hover,29378,11.65,23,10,1.0 horas,SCSS,0.78
899,css-protips,29361,10.0,73,0,1.0 horas,N/A,0.98
900,standard,29343,10.59,411,7,1 dias,JavaScript,0.91
901,canal,29339,12.63,473,32,3.7 horas,Java,0.75
902,lighthouse,29301,9.48,5467,125,0.7 horas,JavaScript,0.95
903,firecracker,29295,7.86,3197,78,0.0 horas,Rust,0.97
904,consul,29249,11.82,13751,217,0.3 horas,Go,0.77
905,handson-ml2,29238,6.64,64,0,0.6 horas,Jupyter Notebook,0.58
906,keycloak,29235,12.16,17575,87,0.1 horas,Java,0.87
907,xxl-job,29217,9.75,116,39,1.0 horas,Java,0.94
908,es6features,29195,11.49,41,0,21.3 horas,N/A,0.63
909,python-guide,29178,14.46,683,0,0.4 horas,Batchfile,0.65
910,zoxide,29156,5.48,227,36,0.7 horas,Rust,0.85
911,Clone-Wars,29151,4.74,130,0,5.4 horas,N/A,0.85
912,viper,29148,11.41,507,34,1.6 horas,Go,0.54
913,TrackersListCollection,29142,5.9,7,0,0.5 horas,N/A,0
914,tuning_playbook,29103,2.61,14,0,0.1 horas,N/A,0.76
915,swift-algorithm-club,29095,9.59,610,0,2.3 horas,Swift,0.85
916,plyr,29093,10.54,391,92,1.8 horas,JavaScript,0.58
917,composer,29088,14.23,2959,215,4.1 horas,PHP,0.99
918,refined-github,29055,9.53,3437,174,1.0 horas,TypeScript,0.97
919,COVID-19,29044,5.56,2152,0,13.7 horas,N/A,0.55
920,qlib,28987,5.04,725,23,0.2 horas,Python,0.74
921,llama3,28935,1.45,23,0,0.2 horas,Python,0.41
922,SpringAll,28933,7.33,1,0,6.5 horas,Java,0.56
923,react-spring,28864,7.48,437,52,0.1 horas,TypeScript,0.91
924,Complete-Python-3-Bootcamp,28863,7.54,12,0,1.1 horas,Jupyter Notebook,0.61
925,postcss,28862,11.93,760,268,18.3 horas,TypeScript,0.97
926,todomvc,28825,14.24,760,6,0.5 horas,JavaScript,0.84
927,dragonfly,28779,3.71,3332,108,0.6 horas,C++,0.86
928,hosts,28748,13.38,486,781,1.1 horas,Python,0.95
929,spring-cloud-alibaba,28718,7.74,1077,48,0.9 horas,Java,0.92
930,posthog,28700,5.59,25221,19,0.1 horas,Python,0.72
931,kitty,28694,8.87,1132,128,0.6 horas,Python,1.0
932,JavaScript30,28687,8.72,153,0,0.8 horas,HTML,0
933,os-tutorial,28679,10.92,11,0,0.8 horas,C,0.58
934,xstate,28647,9.96,1977,443,1.2 horas,TypeScript,0.92
935,linkedin-skill-assessments-quizzes,28636,6.13,5638,1,0.3 horas,N/A,0.91
936,slick,28620,11.44,258,48,15.1 horas,JavaScript,0.67
937,continue,28603,2.26,2893,413,0.5 horas,TypeScript,0.8
938,k6,28601,9.44,2177,78,1.0 horas,Go,0.7
939,Jobs_Applier_AI_Agent_AIHawk,28601,1.06,185,0,0.1 horas,Python,0.98
940,machine-learning-for-software-engineers,28582,8.88,60,0,1.8 horas,N/A,0.35
941,immer,28567,7.67,374,109,5.3 horas,JavaScript,0.95
942,ExplorerPatcher,28553,4.05,18,288,0.8 horas,C,0.89
943,Avalonia,28543,11.73,5328,110,1.0 horas,C#,0.78
944,turborepo,28510,3.89,6243,496,0.1 horas,Rust,0.93
945,openai-python,28496,4.84,996,321,1.1 horas,Python,0.91
946,rust-course,28490,7.06,784,0,0.7 horas,Rust,0.71
947,jumpserver,28487,11.16,7571,250,0.6 horas,Python,1.0
948,data-science-ipython-notebooks,28486,10.6,31,0,1.0 horas,Python,0.54
949,podman,28484,7.82,11717,228,0.1 horas,Go,0.92
950,programmer-job-blacklist,28457,9.18,28,0,17.6 horas,Shell,0.54
951,vuex,28434,10.12,656,51,17.2 horas,JavaScript,0.92
952,openssl,28409,12.62,145,283,2.0 horas,C,0.87
953,Sunshine,28401,3.7,1471,43,0.5 horas,C++,0.92
954,helm,28394,9.9,4121,216,1.0 horas,Go,0.94
955,android_guides,28376,12.2,9,0,4.4 horas,N/A,0.57
956,vscodium,28367,7.04,549,240,2.5 horas,Shell,0.92
957,tdesktop,28364,11.33,1749,799,0.5 horas,C++,0.94
958,the-super-tiny-compiler,28337,9.47,20,0,2.3 horas,JavaScript,0
959,reverse-interview,28323,5.97,75,0,3.0 horas,N/A,0.72
960,90DaysOfDevOps,28308,3.67,358,2,0.7 horas,Shell,0.9
961,applied-ml,28256,5.15,208,0,4.4 horas,N/A,0.92
962,linera-protocol,28238,3.69,2701,18,0.1 horas,Rust,0.62
963,marker,28238,1.82,201,64,0.2 horas,Python,0.52
964,gitbook,28235,11.42,1316,82,0.2 horas,TypeScript,0.99
965,async,28224,15.25,558,7,1 dias,JavaScript,0.99
966,nginx-proxy-manager,28195,7.69,530,77,4.1 horas,JavaScript,0.69
967,druid,28187,13.82,1520,51,6.0 horas,Java,0.5
968,nginxconfig.io,28178,7.64,191,0,1.9 horas,JavaScript,0.77
969,backbone,28107,14.92,881,0,1 dias,JavaScript,0.98
970,dnSpy,28104,10.16,53,1,3.1 horas,C#,0
971,swagger-ui,28080,14.13,3308,376,0.8 horas,JavaScript,0.79
972,python-telegram-bot,28069,10.15,1637,127,1.0 horas,Python,0.99
973,Python-programming-exercises,28062,13.21,0,0,0.4 horas,N/A,0.2
974,trivy,28059,6.38,3189,171,0.8 horas,Go,0.94
975,ChatGPT,28029,2.73,292,277,0.6 horas,Python,0.99
976,mobx,28016,10.46,1152,113,20.0 horas,TypeScript,0.97
977,litellm,28014,2.09,5374,990,0.1 horas,Python,0.87
978,react-select,28010,11.01,1054,61,4.3 horas,TypeScript,0.9
979,waifu2x,28006,10.29,68,3,2.4 horas,Lua,0.59
980,erpnext,27966,14.23,26485,1000,0.8 horas,Python,0.86
981,Charts,27939,10.45,427,38,3.8 horas,Swift,0.79
982,vhr,27919,7.65,1,0,6.9 horas,Java,0.38
983,raylib,27905,11.85,2168,24,0.3 horas,C,0.99
984,Web,27853,8.65,0,0,0.7 horas,N/A,0.69
985,headlessui,27852,4.95,619,127,0.1 horas,TypeScript,0.92
986,create-t3-app,27849,3.26,1114,138,0.1 horas,TypeScript,0.91
987,python-fire,27848,8.52,135,12,6.6 horas,Python,0.62
988,nginx,27847,10.19,95,8,2.6 horas,C,0.49
989,yazi,27821,2.14,956,27,0.2 horas,Rust,0.97
990,ResumeSample,27821,10.98,2,0,17.7 horas,N/A,0
991,aos,27809,10.14,38,0,4.3 horas,JavaScript,0.51
992,WindTerm,27776,5.88,1,32,0.8 horas,C,0.21
993,Probabilistic-Programming-and-Bayesian-Methods-for-Hackers,27774,12.62,243,0,4.4 horas,Jupyter Notebook,0.36
994,EasyOCR,27762,5.46,177,23,6.1 horas,Python,0.57
995,redash,27700,11.84,3258,100,7.3 horas,Python,0.76
996,yapi,27663,9.25,141,1,4.6 horas,JavaScript,0.37
997,flameshot,27662,8.3,969,30,0.2 horas,C++,0.76
998,dspy,27609,2.63,1242,97,0.0 horas,Python,0.86
999,commander.js,27577,14.04,827,83,7.8 horas,JavaScript,0.99
1000,so-vits-svc,27571,2.47,153,0,0.6 horas,Python,0.84
