id;repo;idade_anos;prs_aceitos;total_releases;last_update_hours;language;closed_issues_ratio
1;freeCodeCamp;10.64;25685;0;0;TypeScript;0.99
2;build-your-own-x;7.27;142;0;0;Markdown;0.73
3;awesome;11.1;679;0;0;N/A;0.96
4;free-programming-books;11.85;6818;0;0;Python;0.97
5;public-apis;9.41;1872;0;0;Python;0.99
6;developer-roadmap;8.42;3670;1;0;TypeScript;0.92
7;coding-interview-university;9.19;415;0;0;N/A;0.88
8;system-design-primer;8.47;200;0;0;Python;0.27
9;996.ICU;6.39;1067;0;0;N/A;0.0
10;awesome-python;11.14;544;0;0;Python;0.0
11;awesome-selfhosted;10.21;2394;1;0;N/A;1.0
12;project-based-learning;8.34;182;0;0;N/A;0.38
13;react;12.23;12089;105;0;JavaScript;0.94
14;vue;12.05;1133;249;0;TypeScript;0.96
15;Python;9.08;2975;0;0;Python;0.95
16;linux;13.95;10;0;0;C;0.0
17;javascript-algorithms;7.39;302;0;5;JavaScript;0.63
18;tensorflow;9.77;35739;219;0;C++;0.98
19;computer-science;11.29;298;0;1;HTML;0.98
20;You-Dont-Know-JS;11.75;368;0;0;N/A;0.91
21;the-book-of-secret-knowledge;7.15;122;0;0;N/A;0.0
22;CS-Notes;7.5;374;0;6;N/A;0.78
23;ohmyzsh;15.97;3371;0;0;Shell;0.97
24;AutoGPT;2.41;3163;67;0;Python;0.95
25;vscode;9.95;35993;176;0;TypeScript;0.94
26;bootstrap;14.05;8967;93;0;MDX;0.98
27;flutter;10.45;43684;7;0;Dart;0.89
28;Python-100-Days;7.46;13;0;0;Jupyter Notebook;0.17
29;gitignore;14.77;1713;0;0;N/A;0.0
30;the-art-of-command-line;10.24;317;0;0;N/A;0.53
31;stable-diffusion-webui;2.98;1874;27;0;Python;0.7
32;JavaGuide;7.27;1179;0;1;Java;0.93
33;ollama;2.13;2444;141;0;Go;0.78
34;awesome-go;11.11;3455;0;0;Go;0.99
35;transformers;6.79;16545;222;0;Python;0.94
36;javascript;12.79;810;0;0;JavaScript;0.93
37;Microsoft-Activation-Scripts;5.59;6;24;0;Batchfile;1.0
38;youtube-dl;14.79;1642;341;0;Python;0.86
39;next.js;8.86;23535;1000;1;JavaScript;0.9
40;awesome-chatgpt-prompts;2.69;171;0;0;JavaScript;0.0
41;n8n;6.15;10501;376;0;TypeScript;0.88
42;go;10.99;1;0;0;Go;0.86
43;fucking-algorithm;5.48;238;1;1;Markdown;1.0
44;tech-interview-handbook;9.11;481;0;0;TypeScript;0.64
45;scrcpy;7.73;113;47;0;C;0.56
46;HelloGitHub;9.28;16;57;0;Python;0.93
47;30-seconds-of-code;7.71;826;12;4;JavaScript;1.0
48;react-native;10.6;930;409;0;C++;0.98
49;yt-dlp;4.8;2872;116;0;Python;0.83
50;PowerToys;6.29;5609;117;0;C#;0.8
51;electron;12.35;23211;1000;0;C++;0.96
52;kubernetes;11.19;62217;754;0;Go;0.96
53;hello-algo;2.78;945;9;4;Java;0.96
54;free-programming-books-zh_CN;11.78;282;3;4;N/A;0.0
55;langchain;2.82;14436;945;0;Jupyter Notebook;0.98
56;node;10.72;10705;454;0;JavaScript;0.91
57;d3;14.89;493;194;6;Shell;1.0
58;dify;2.34;6935;140;0;TypeScript;0.94
59;free-for-dev;10.41;2753;0;0;HTML;0.0
60;three.js;15.4;14360;171;3;JavaScript;0.97
61;axios;10.99;1000;97;3;JavaScript;0.91
62;open-webui;1.85;2480;119;0;JavaScript;0.97
63;rust;15.17;65424;140;1;Rust;0.82
64;TypeScript;11.16;14672;212;3;TypeScript;0.87
65;excalidraw;5.62;3693;14;0;TypeScript;0.57
66;nodebestpractices;7.92;765;0;5;Dockerfile;0.87
67;deno;7.25;13301;341;0;Rust;0.83
68;create-react-app;9.08;1949;83;1;JavaScript;0.78
69;GitHub-Chinese-Top-Charts;5.94;0;0;7;Java;0.47
70;godot;11.61;38652;61;0;C++;0.79
71;langflow;2.51;4588;261;0;Python;0.84
72;terminal;8.01;4182;136;1;C++;0.88
73;DeepSeek-V3;0.63;21;1;1;Python;0.95
74;angular;10.91;3873;467;0;TypeScript;0.95
75;frp;9.65;682;106;0;Go;0.98
76;papers-we-love;11.67;437;0;4;Shell;1.0
77;material-ui;10.99;20764;547;1;TypeScript;0.92
78;iptv;6.75;6664;0;0;TypeScript;0.97
79;Awesome-Hacking;9.38;34;0;0;N/A;0.0
80;ant-design;10.31;15744;713;2;TypeScript;0.96
81;rustdesk;4.88;3625;31;0;Rust;0.98
82;tauri;6.09;5143;1000;3;Rust;0.81
83;generative-ai-for-beginners;2.15;376;0;0;Jupyter Notebook;0.94
84;thefuck;10.36;481;17;2;Python;0.62
85;clean-code-javascript;8.72;149;0;2;JavaScript;0.69
86;ui;2.61;636;52;0;TypeScript;0.71
87;java-design-patterns;11.02;1507;0;2;Java;0.87
88;pytorch;9.01;6191;61;0;Python;0.71
89;HowToCook;5.46;586;4;0;Dockerfile;0.44
90;neovim;11.54;16084;45;0;Vim Script;0.87
91;puppeteer;8.27;5408;555;0;TypeScript;0.96
92;Web-Dev-For-Beginners;4.76;514;0;0;JavaScript;0.73
93;DeepSeek-R1;0.56;9;1;1;N/A;0.91
94;vue-element-admin;8.33;311;49;5;Vue;0.65
95;tailwindcss;7.86;3066;289;2;TypeScript;0.98
96;fastapi;6.68;2732;208;1;Python;0.99
97;every-programmer-should-know;7.98;99;0;0;N/A;0.44
98;storybook;9.41;11468;1000;0;TypeScript;0.85
99;supabase;5.84;12872;22;1;TypeScript;0.95
100;whisper;2.91;119;13;0;Python;0.0
101;nvm;15.34;729;70;1;Shell;0.86
102;awesome-mac;9.08;986;12;1;JavaScript;0.76
103;NextChat;2.43;889;77;0;TypeScript;0.81
104;ComfyUI;2.57;1157;72;1;Python;0.59
105;bitcoin;14.66;15488;56;5;C++;0.95
106;app-ideas;6.47;149;0;1;N/A;0.26
107;v2rayN;6.04;259;261;0;C#;1.0
108;llama.cpp;2.43;5430;1000;0;C++;0.94
109;django;13.3;9841;0;0;Python;0.0
110;svelte;8.73;5978;509;0;JavaScript;0.9
111;gin;11.17;1114;27;0;Go;0.72
112;opencv;13.08;13063;66;2;C++;0.77
113;hugo;12.12;2945;337;2;Go;0.94
114;realworld;9.47;433;0;4;TypeScript;0.93
115;mermaid;10.79;2426;157;1;TypeScript;0.62
116;animate.css;13.85;315;22;11;CSS;0.96
117;laravel;14.19;1638;197;0;Blade;0.0
118;mall;7.36;1;3;3;Java;0.98
119;core;11.91;75610;1000;0;Python;0.96
120;FiraCode;10.76;137;29;0;Clojure;0.7
121;bun;4.33;5906;196;1;Zig;0.63
122;manim;10.4;642;13;0;Python;0.63
123;FreeDomain;1.21;0;0;0;HTML;0.0
124;spring-boot;12.82;42;317;0;Java;0.98
125;advanced-java;6.86;88;1;0;Java;0.99
126;devops-exercises;5.87;302;0;0;Python;0.65
127;models;9.53;2341;50;3;Python;0.85
128;awesome-for-beginners;9.81;450;0;0;N/A;0.94
129;ML-For-Beginners;4.45;374;0;0;HTML;0.96
130;awesome-interview-questions;9.72;175;0;1;N/A;0.56
131;LeetCodeAnimation;6.69;63;0;9;Java;0.68
132;gpt4all;2.38;934;38;0;C++;0.68
133;system-prompts-and-models-of-ai-tools;0.44;22;0;0;N/A;0.54
134;playwright;5.75;15011;150;1;TypeScript;0.95
135;Font-Awesome;13.5;211;60;4;JavaScript;0.8
136;netdata;12.16;10896;120;0;C;0.98
137;funNLP;6.98;14;0;7;Python;0.58
138;system-design-101;1.9;23;0;7;N/A;0.31
139;github-readme-stats;5.1;1300;0;1;JavaScript;0.85
140;json-server;11.72;121;38;6;JavaScript;0.47
141;syncthing;11.72;2748;437;0;Go;0.94
142;vite;5.32;5564;597;0;TypeScript;0.94
143;union;2.25;2737;95;0;Rust;0.87
144;weekly;6.84;101;0;0;N/A;0.15
145;elasticsearch;15.52;80249;202;0;Java;0.89
146;hoppscotch;5.98;1861;83;3;TypeScript;0.76
147;code-server;6.46;1575;199;0;TypeScript;0.96
148;uptime-kuma;4.12;1317;111;0;JavaScript;0.83
149;awesome-vue;9.82;3574;0;4;N/A;0.83
150;fzf;11.81;589;70;0;Go;0.92
151;immich;3.53;7099;258;0;TypeScript;0.91
152;Best-websites-a-programmer-should-visit;8.45;431;0;0;N/A;0.59
153;Deep-Live-Cam;1.89;85;8;1;Python;0.94
154;nest;8.53;7395;131;0;TypeScript;0.99
155;d2l-zh;7.98;1019;16;1;Python;0.0
156;stable-diffusion;3.01;5;0;4;Jupyter Notebook;0.27
157;markitdown;0.75;147;14;0;Python;0.21
158;screenshot-to-code;1.75;49;0;3;Python;0.73
159;Front-End-Checklist;7.83;179;1;13;N/A;0.99
160;moby;12.58;21452;237;2;Go;0.86
161;redis;16.41;4153;95;0;C;0.68
162;flask;15.36;1604;36;3;Python;1.0
163;clash-verge-rev;1.73;306;49;0;TypeScript;0.98
164;Ventoy;5.43;280;103;0;C;0.63
165;cs-video-courses;8.82;234;0;5;N/A;0.0
166;grafana;11.68;56538;550;0;TypeScript;0.92
167;reveal.js;14.19;409;49;6;JavaScript;0.69
168;awesome-react;11.03;780;0;0;N/A;0.96
169;awesome-machine-learning;11.09;872;0;0;Python;1.0
170;gemini-cli;0.32;1755;42;0;TypeScript;0.54
171;PayloadsAllTheThings;8.82;548;5;2;Python;0.0
172;gpt_academic;2.4;223;32;1;Python;0.85
173;strapi;9.88;9112;477;4;TypeScript;0.91
174;swift;9.81;55337;60;0;C++;0.56
175;tesseract;11.01;1410;34;0;C++;0.84
176;protobuf;10.97;7754;194;0;C++;0.97
177;node;2.53;186;54;4;Go;0.79
178;cpython;8.51;52669;0;2;Python;0.9
179;sherlock;6.64;642;1;2;Python;0.9
180;superset;10.07;14793;231;0;TypeScript;0.96
181;imgui;11.07;405;114;0;C++;0.85
182;browser-use;0.78;949;71;1;Python;0.52
183;express;16.14;458;160;6;JavaScript;0.97
184;openai-cookbook;3.43;854;0;0;Jupyter Notebook;0.94
185;new-pac;9.4;0;0;0;Python;0.75
186;Chart.js;12.42;3002;116;3;JavaScript;0.94
187;cs-self-learning;3.82;296;5;0;HTML;0.5
188;obs-studio;11.87;5197;223;0;C;0.85
189;caddy;10.59;2115;128;0;Go;0.96
190;localsend;2.66;667;24;0;Dart;0.45
191;ansible;13.45;39171;161;2;Python;0.98
192;awesome-mcp-servers;0.7;917;0;0;N/A;0.73
193;awesome-cpp;11.08;799;0;4;N/A;0.41
194;33-js-concepts;6.95;251;0;4;JavaScript;0.79
195;webpack;13.44;5092;436;5;JavaScript;0.99
196;tabby;8.64;1489;199;0;TypeScript;0.6
197;act;6.62;1045;88;3;Go;0.83
198;gpt4free;2.38;813;329;0;Python;1.0
199;SecLists;13.49;681;28;0;PHP;0.98
200;AppFlowy;4.16;3882;111;0;Dart;0.73
201;javascript-questions;6.18;328;0;6;N/A;0.93
202;uv;1.87;7129;206;0;Rust;0.74
203;lobe-chat;2.23;2476;1000;0;TypeScript;0.8
204;awesome-scalability;7.63;36;0;0;N/A;0.0
205;interviews;8.5;42;0;9;Java;0.43
206;echarts;12.37;1445;122;7;TypeScript;0.9
207;Stirling-PDF;2.55;2189;135;2;Java;0.78
208;servers;0.73;820;19;0;TypeScript;0.7
209;awesome-public-datasets;10.74;188;1;3;N/A;0.41
210;zed;4.48;16092;958;0;Rust;0.81
211;nocode;7.52;1;1;2;Dockerfile;0.15
212;lazygit;7.24;1677;169;0;Go;0.69
213;LLMs-from-scratch;2.06;381;0;0;Jupyter Notebook;0.97
214;the-algorithm;2.38;2;0;0;Scala;0.72
215;keras;10.39;4222;80;3;Python;0.98
216;anime;9.42;79;22;0;JavaScript;0.91
217;scikit-learn;15.0;13440;47;2;Python;0.86
218;design-resources-for-developers;5.27;949;0;2;N/A;1.0
219;Java;9.08;2010;0;10;Java;1.0
220;resume.github.com;14.53;84;0;3;JavaScript;0.54
221;annotated_deep_learning_paper_implementations;4.97;101;0;0;Python;0.82
222;Apollo-11;11.37;343;0;4;Assembly;0.85
223;socket.io;15.44;435;75;8;TypeScript;0.95
224;ragflow;1.67;3654;29;0;TypeScript;0.46
225;awesome-nodejs;11.1;418;0;0;N/A;0.98
226;awesome-courses;10.75;194;0;0;N/A;0.49
227;sway;4.57;3493;178;4;Rust;0.74
228;OpenHands;1.42;5017;74;1;Python;0.91
229;redux;10.22;1720;78;15;TypeScript;0.98
230;docusaurus;8.15;5481;151;1;TypeScript;0.91
231;lodash;13.36;581;2;0;JavaScript;0.98
232;Prompt-Engineering-Guide;2.66;338;0;0;MDX;0.32
233;atom;13.57;3933;538;5;JavaScript;0.94
234;Front-end-Developer-Interview-Questions;13.52;484;0;13;Nunjucks;0.81
235;architect-awesome;7.36;49;0;4;N/A;0.31
236;open-interpreter;2.08;369;48;1;Python;0.78
237;localstack;8.81;6200;94;0;Python;0.96
238;markdown-here;13.26;27;17;2;JavaScript;0.52
239;alacritty;9.49;1886;101;1;Rust;0.95
240;prometheus;12.73;7617;341;3;Go;0.92
241;rustlings;9.92;912;45;3;Rust;0.93
242;jquery;16.37;811;11;1;JavaScript;0.97
243;llm-course;2.16;1;0;0;N/A;0.36
244;ghidra;6.46;520;45;2;Java;0.73
245;nerd-fonts;10.7;550;38;0;CSS;0.98
246;shadowsocks-windows;12.59;290;55;3;C#;0.94
247;tldr;11.69;14572;6;0;Markdown;0.88
248;angular.js;15.61;789;0;12;JavaScript;0.96
249;spring-framework;14.69;870;339;3;Java;0.99
250;llama;2.5;53;0;2;Python;0.6
251;scrapy;15.48;2387;43;1;Python;0.85
252;nuxt;8.8;6878;256;4;TypeScript;0.95
253;MetaGPT;2.12;660;22;0;Python;0.99
254;leetcode-master;5.67;2306;0;2;Shell;0.24
255;uBlock;10.38;252;277;0;JavaScript;1.0
256;fuel-core;4.96;1553;123;20;Rust;0.87
257;awesome-llm-apps;1.29;131;0;0;Python;0.96
258;rails;17.35;25135;149;0;Ruby;0.97
259;html5-boilerplate;15.56;790;34;5;JavaScript;0.99
260;awesome-flutter;8.27;444;0;2;Dart;0.0
261;private-gpt;2.28;224;10;0;Python;0.79
262;DeepLearning-500-questions;7.13;302;0;1;JavaScript;0.42
263;nocodb;7.79;5237;173;3;TypeScript;0.85
264;you-get;12.99;582;123;3;Python;0.0
265;drawio-desktop;8.22;20;159;0;JavaScript;0.96
266;LLaMA-Factory;2.21;683;34;0;Python;0.92
267;traefik;9.92;4697;481;0;Go;0.9
268;git;17.07;3;0;1;C;0.0
269;awesome-chatgpt-prompts-zh;2.67;33;0;1;N/A;0.6
270;gatsby;10.24;18183;149;2;JavaScript;0.98
271;openpilot;8.72;11736;57;0;Python;0.96
272;mkcert;7.14;52;14;0;Go;0.69
273;leetcode;7.38;257;40;13;JavaScript;0.96
274;react-router;11.25;3162;309;3;TypeScript;0.99
275;Magisk;8.93;1611;151;0;Kotlin;0.99
276;face_recognition;8.45;94;2;3;Python;0.43
277;vllm;2.51;8470;70;0;Python;0.82
278;yolov5;5.24;2204;10;11;Python;0.97
279;Real-Time-Voice-Cloning;6.22;48;0;4;Python;0.81
280;gpt-engineer;2.29;350;20;3;Python;0.94
281;minio;10.59;9853;519;2;Go;1.0
282;faceswap;7.65;357;4;2;Python;0.96
283;ripgrep;9.43;516;72;1;Rust;0.92
284;AFFiNE;3.04;8697;562;0;TypeScript;0.91
285;element;8.95;3231;145;15;Vue;0.85
286;zustand;6.35;804;97;1;TypeScript;1.0
287;ChatGPT;2.68;123;34;4;Rust;0.3
288;bat;7.32;1455;41;1;Rust;0.78
289;project-layout;7.93;90;0;0;Makefile;0.39
290;normalize.css;14.29;56;0;2;CSS;0.89
291;awesome-android-ui;10.64;90;0;2;N/A;0.82
292;rich;5.76;836;170;1;Python;0.86
293;hackingtool;5.34;56;0;1;Python;0.86
294;requests;14.51;1590;13;5;Python;0.95
295;maybe;1.62;1073;28;0;Ruby;0.0
296;pi-hole;11.19;2104;118;1;Shell;0.99
297;astro;4.42;7310;1000;0;TypeScript;0.97
298;meilisearch;7.31;2144;265;0;Rust;0.91
299;PaddleOCR;5.27;2927;22;0;Python;0.99
300;appwrite;6.35;3823;112;0;TypeScript;0.85
301;FFmpeg;14.34;16;0;0;C;0.0
302;rclone;11.42;2107;114;0;Go;0.83
303;awesome-rust;11.08;1567;0;1;Rust;0.93
304;github-cheat-sheet;11.35;129;0;0;N/A;0.68
305;ionic-framework;11.99;6293;913;8;TypeScript;0.97
306;material-design-icons;10.85;50;16;3;N/A;0.76
307;dive;7.26;164;28;3;Go;0.56
308;pdf.js;14.31;8083;76;3;JavaScript;0.96
309;segment-anything;2.39;15;0;0;Jupyter Notebook;0.25
310;core;7.18;3206;245;1;TypeScript;0.88
311;Semantic-UI;12.36;355;154;5;JavaScript;0.84
312;Docker-OSX;5.19;107;0;0;Shell;0.42
313;kotlin;13.51;2064;264;2;Kotlin;0.0
314;guava;11.22;1013;56;0;Java;0.83
315;trackerslist;9.31;1;0;2;N/A;0.99
316;crawl4ai;1.26;85;7;0;Python;0.81
317;marktext;7.76;939;36;1;JavaScript;0.56
318;prettier;8.71;8868;127;3;JavaScript;0.82
319;joplin;8.58;4364;384;3;TypeScript;0.93
320;powerlevel10k;6.47;167;33;2;Shell;0.96
321;jekyll;16.82;3188;112;1;Ruby;0.98
322;starship;6.37;2891;135;1;Rust;0.71
323;grok-1;1.41;5;0;2;Python;0.0
324;Ghost;12.28;14235;901;0;JavaScript;0.99
325;DefinitelyTyped;12.86;52075;1;3;TypeScript;0.93
326;gitea;8.79;17753;216;0;Go;0.83
327;ImHex;4.76;669;80;0;C++;0.83
328;etcd;12.11;9760;259;5;Go;0.97
329;GPT-SoVITS;1.58;338;4;0;Python;0.62
330;chinese-poetry;8.95;137;1;8;JavaScript;0.44
331;bulma;9.56;642;22;5;CSS;0.88
332;pocketbase;3.11;53;220;0;Go;0.99
333;first-contributions;8.9;85656;0;0;N/A;0.98
334;awesome-ios;11.1;2233;0;3;Swift;1.0
335;go-ethereum;11.64;8219;219;1;Go;0.98
336;cline;1.1;1567;140;0;TypeScript;0.79
337;hiring-without-whiteboards;8.42;1300;0;0;JavaScript;0.0
338;OpenBB;4.65;4114;46;0;Python;0.98
339;OpenManus;0.44;106;3;0;Python;0.44
340;mastodon;9.48;17660;289;3;Ruby;0.67
341;Motrix;6.66;192;21;2;JavaScript;0.44
342;cypress;10.45;7309;372;2;TypeScript;0.91
343;autogen;1.99;2485;95;0;Python;0.86
344;hacker-scripts;9.73;63;0;8;JavaScript;0.6
345;awesome-wechat-weapp;8.9;277;0;0;N/A;0.0
346;30-Days-Of-Python;5.74;61;0;0;Python;0.6
347;alist;4.64;854;135;0;Go;0.87
348;RxJava;12.6;3325;241;0;Java;1.0
349;PowerShell;9.59;7540;186;0;C#;0.92
350;dayjs;7.35;694;119;0;JavaScript;0.48
351;moment;14.46;714;0;3;JavaScript;0.94
352;100-Days-Of-ML-Code;7.11;6;0;1;N/A;0.0
353;professional-programming;9.77;39;0;7;Python;1.0
354;vaultwarden;7.49;990;73;1;Rust;1.0
355;anything-llm;2.19;1071;19;0;JavaScript;0.91
356;algorithm-visualizer;9.25;183;0;5;JavaScript;0.65
357;firecrawl;1.33;801;22;0;TypeScript;0.78
358;julia;14.32;25778;181;0;Julia;0.84
359;big-list-of-naughty-strings;10.02;90;0;8;Python;0.32
360;ChinaTextbook;5.61;1;0;0;Roff;0.48
361;huginn;12.44;1043;1;4;Ruby;0.72
362;json;12.12;894;45;2;C++;0.98
363;serverless;10.32;4717;453;0;JavaScript;0.83
364;gogs;11.51;1766;84;15;Go;0.82
365;Projects;12.12;19;0;3;N/A;0.43
366;design-patterns-for-humans;8.49;50;0;5;N/A;0.9
367;x64dbg;10.35;736;3;1;C++;0.77
368;ladybird;1.21;4162;0;0;C++;0.56
369;okhttp;13.07;3753;0;2;Kotlin;0.99
370;react;7.2;369;0;0;JavaScript;0.99
371;pandas;14.98;26892;111;4;Python;0.87
372;v2ray-core;9.95;203;247;0;Go;1.0
373;query;5.93;2884;1000;3;TypeScript;0.97
374;type-challenges;5.06;588;0;2;TypeScript;0.11
375;open-source-ios-apps;10.55;1400;37;1;N/A;1.0
376;learn-regex;8.07;131;0;23;N/A;0.4
377;terraform;11.43;12773;377;0;Go;0.92
378;Fooocus;2.01;447;21;0;Python;0.87
379;quill;13.05;381;95;6;TypeScript;0.87
380;lx-music-desktop;6.0;86;110;0;TypeScript;0.57
381;htmx;5.34;956;26;0;JavaScript;0.64
382;lazydocker;6.24;186;42;4;Go;0.53
383;pixijs;12.57;3666;293;7;TypeScript;0.96
384;kubernetes-the-hard-way;9.11;73;0;0;N/A;0.97
385;architecture-samples;9.53;232;0;2;Kotlin;0.72
386;PythonDataScienceHandbook;9.01;28;0;0;Jupyter Notebook;0.38
387;awesome-react-components;9.14;324;0;2;N/A;0.85
388;jadx;12.41;577;31;0;Java;0.8
389;odoo;11.26;6181;0;0;Python;0.82
390;jest;11.68;5701;208;3;TypeScript;0.97
391;30-Days-Of-JavaScript;5.64;98;0;3;JavaScript;0.34
392;AdminLTE;11.64;1545;77;22;CSS;0.95
393;open-source-mac-os-apps;7.78;525;0;1;N/A;0.76
394;typst;5.89;1810;22;0;Rust;0.74
395;dbeaver;9.82;6072;229;1;Java;0.84
396;discourse;12.59;29910;0;0;Ruby;0.0
397;text-generation-webui;2.65;1182;79;1;Python;0.36
398;meteor;13.58;2530;0;4;JavaScript;0.97
399;awesome-java;11.1;715;0;3;N/A;1.0
400;brew;9.44;12928;440;2;Ruby;0.99
401;frontend-dev-bookmarks;12.15;129;1;0;N/A;0.77
402;zx;4.28;538;95;5;JavaScript;0.97
403;ultralytics;2.92;3487;253;0;Python;0.98
404;coolify;4.55;1638;619;0;PHP;0.8
405;hyper;9.12;3291;88;4;TypeScript;0.75
406;termux-app;9.81;162;95;1;Java;0.86
407;CppCoreGuidelines;9.99;812;4;4;CSS;0.8
408;unsloth;1.71;468;16;0;Python;0.71
409;parcel;8.02;2591;48;8;JavaScript;0.91
410;v2rayNG;6.25;494;255;4;Kotlin;1.0
411;build-web-application-with-golang;13.04;757;0;10;Go;0.6
412;awesome-design-patterns;7.2;30;0;0;N/A;0.33
413;babel;10.88;6279;441;3;TypeScript;0.93
414;TensorFlow-Examples;9.76;88;0;9;Jupyter Notebook;0.3
415;llama_index;2.78;6980;402;1;Python;0.97
416;acme.sh;9.64;1420;44;15;Shell;0.67
417;retrofit;14.95;1177;4;7;HTML;0.95
418;react-hook-form;6.45;2070;585;3;TypeScript;0.99
419;fuels-rs;3.79;896;117;24;Rust;0.93
420;fuels-ts;3.95;1969;154;24;TypeScript;0.96
421;JeecgBoot;6.72;122;61;0;Java;1.0
422;nanoGPT;2.63;45;0;1;Python;0.33
423;monaco-editor;9.19;467;91;2;JavaScript;0.82
424;memos;3.68;1792;80;1;Go;0.99
425;prisma;6.15;6325;223;0;TypeScript;0.8
426;grpc;10.69;19983;355;2;C++;0.94
427;front-end-interview-handbook;7.59;345;0;7;MDX;0.9
428;react-use;6.8;1532;256;10;TypeScript;0.41
429;Leaflet;14.9;3091;32;3;JavaScript;0.93
430;awesome-cheatsheets;7.76;169;0;0;JavaScript;0.61
431;metabase;10.53;33791;676;2;Clojure;0.84
432;Rocket.Chat;10.24;14425;1000;2;TypeScript;0.84
433;pyenv;12.96;971;131;6;Roff;0.97
434;edex-ui;8.55;399;29;0;JavaScript;0.99
435;reactjs-interview-questions;7.21;162;0;5;JavaScript;0.97
436;jellyfin;6.68;4814;91;0;C#;0.95
437;Flowise;2.37;1319;73;2;TypeScript;0.73
438;pm2;12.24;551;128;2;JavaScript;0.8
439;git-flight-rules;11.07;225;0;16;N/A;0.75
440;nvm-windows;10.9;107;23;3;Go;0.92
441;expo;9.0;17746;0;0;TypeScript;0.98
442;ClickHouse;9.2;50137;671;0;C++;0.82
443;whisper.cpp;2.88;861;27;0;C++;0.48
444;what-happens-when;11.77;108;0;3;N/A;0.18
445;Alamofire;11.04;650;102;2;Swift;0.98
446;TTS;5.24;465;98;4;Python;1.0
447;python-patterns;13.19;273;0;3;Python;0.89
448;Made-With-ML;6.78;147;0;1;Jupyter Notebook;0.78
449;MinerU;1.45;1015;120;0;Python;0.93
450;CPlusPlusThings;6.09;72;0;2;C++;0.96
451;sentry;14.96;72572;153;0;Python;0.86
452;spark;11.47;8;0;0;Scala;0.0
453;ruff;3.01;11092;374;0;Rust;0.79
454;yarn;9.57;1654;152;5;JavaScript;0.72
455;airflow;10.34;29122;102;0;Python;0.9
456;kong;10.75;6478;145;6;Lua;0.98
457;stablediffusion;2.72;17;0;7;Python;0.23
458;iina;8.65;850;45;1;Swift;0.58
459;EasySpider;5.07;40;10;6;JavaScript;0.68
460;cobra;11.95;614;24;1;Go;0.81
461;freqtrade;8.25;5876;100;0;Python;0.99
462;diagrams;5.53;326;44;2;Python;0.42
463;swiper;13.42;604;87;0;JavaScript;0.96
464;tldraw;4.27;3527;79;0;TypeScript;0.87
465;ailearning;8.47;478;2;5;Python;0.97
466;dubbo;13.16;5784;111;3;Java;0.89
467;vue2-elm;8.64;21;0;9;Vue;0.81
468;ChatGLM-6B;2.42;48;0;4;Python;0.57
469;ColossalAI;3.79;3697;50;7;Python;0.75
470;uni-app;7.09;453;0;12;JavaScript;0.86
471;bevy;5.57;6114;43;1;Rust;0.67
472;nw.js;13.62;575;0;5;JavaScript;0.88
473;Pake;2.83;100;31;2;Rust;0.88
474;spotube;4.5;245;40;1;Dart;0.58
475;streamlit;5.98;5613;105;0;Python;0.79
476;jsoncrack.com;3.54;85;22;0;TypeScript;0.88
477;styled-components;9.0;966;176;6;TypeScript;0.9
478;black;7.42;1582;46;2;Python;0.88
479;awesome-compose;5.5;149;0;1;HTML;0.31
480;vuetify;8.93;4386;605;4;TypeScript;0.97
481;hexo;12.9;944;114;4;TypeScript;0.98
482;TrafficMonitor;8.04;63;26;1;C++;0.38
483;zig;10.03;9133;20;1;Zig;0.74
484;fastlane;10.7;6234;552;4;Ruby;0.95
485;fanqiang;10.59;3;3;9;Kotlin;0.59
486;cli;5.87;2589;173;0;Go;0.84
487;mitmproxy;15.5;2628;76;2;Python;0.91
488;Summer2026-Internships;5.23;1673;0;0;N/A;1.0
489;pure-bash-bible;7.17;28;0;4;Shell;0.43
490;tabler;7.53;722;51;0;HTML;0.92
491;cheat.sh;8.27;129;0;3;Python;0.52
492;WeChatMsg;2.59;62;0;9;N/A;0.0
493;chinese-independent-developer;7.9;310;0;2;N/A;0.99
494;DeepSpeed;5.56;2737;97;3;Python;0.66
495;GitHubDaily;6.62;3;0;2;N/A;0.31
496;AI-For-Beginners;4.45;168;0;1;Jupyter Notebook;0.8
497;penpot;9.63;4476;59;0;Clojure;0.75
498;50projects50days;4.74;44;0;1;CSS;0.0
499;chakra-ui;5.99;2806;1000;2;TypeScript;1.0
500;zod;5.44;833;179;1;TypeScript;0.93
501;gradio;6.65;4725;1000;0;Python;0.93
502;bert;6.81;32;0;10;Python;0.31
503;wrk;13.41;0;0;1;C;0.65
504;awesome-remote-job;10.62;592;0;1;N/A;0.95
505;php-src;14.17;4239;23;0;C;0.81
506;helix;5.2;4227;30;0;Rust;0.84
507;slidev;4.31;704;394;8;TypeScript;0.88
508;zju-icicles;9.13;224;0;4;HTML;0.88
509;ai-hedge-fund;0.7;33;0;1;Python;0.92
510;esbuild;9.17;246;301;4;Go;0.86
511;Deep-Learning-Papers-Reading-Roadmap;8.84;28;0;3;Python;0.09
512;MoneyPrinterTurbo;1.42;136;9;0;Python;0.69
513;English-level-up-tips;8.21;26;0;3;HTML;0.71
514;fd;8.27;650;40;1;Rust;0.86
515;video.js;15.26;1801;332;0;JavaScript;0.89
516;FastChat;2.41;849;14;15;Python;0.56
517;legado;6.23;1134;115;2;Kotlin;0.99
518;materialize;10.93;449;41;11;JavaScript;0.88
519;tidb;9.94;33016;209;4;Go;0.81
520;winutil;3.3;846;22;0;PowerShell;0.9
521;vim;9.99;440;0;0;Vim Script;0.83
522;pandoc;15.41;1681;147;1;Haskell;0.88
523;gorm;11.81;753;5;4;Go;0.92
524;upscayl;3.04;100;29;0;TypeScript;0.94
525;curl;15.42;198;91;6;C;1.0
526;tmux;10.2;1;37;2;C;0.98
527;chatgpt-on-wechat;3.02;261;63;0;Python;0.85
528;ray;8.81;27017;108;0;Python;0.87
529;aria2;14.72;252;24;4;C++;0.44
530;styleguide;10.24;194;0;3;HTML;0.68
531;remote-jobs;9.84;1283;0;0;JavaScript;0.88
532;bark;2.35;19;0;0;Jupyter Notebook;0.51
533;phaser;12.35;1729;171;2;JavaScript;0.98
534;quivr;2.26;1819;354;2;Python;1.0
535;daisyui;4.71;426;100;2;Svelte;0.98
536;RSSHub;7.37;11024;0;0;TypeScript;0.94
537;mem0;2.15;1651;265;0;Python;0.65
538;trpc;5.07;3701;217;2;TypeScript;0.89
539;Files;6.61;5328;123;2;C#;0.95
540;photoprism;7.55;810;78;7;Go;0.82
541;MPAndroidChart;11.31;191;44;3;Java;0.58
542;plane;2.73;5566;48;2;TypeScript;0.66
543;impress.js;13.64;120;15;6;JavaScript;0.89
544;free;5.19;0;0;4;N/A;0.29
545;leveldb;10.97;64;21;7;C++;0.69
546;logseq;5.23;3062;150;2;Clojure;0.84
547;shellcheck;12.75;306;30;5;Haskell;0.6
548;preact;9.93;1911;229;2;JavaScript;0.97
549;appsmith;5.12;13945;290;2;TypeScript;0.82
550;ccxt;8.25;13333;172;0;Python;0.92
551;cal.com;4.4;10451;500;0;TypeScript;0.86
552;python-cheatsheet;7.55;14;0;2;Python;0.92
553;novu;3.97;5974;50;0;TypeScript;0.86
554;Awesome-Design-Tools;6.5;283;0;3;JavaScript;0.58
555;ChatTTS;1.21;215;6;0;Python;0.89
556;freecodecamp.cn;8.87;55;0;24;CSS;0.76
557;Open-Assistant;2.67;1614;127;0;Python;0.86
558;system-design;3.0;11;0;4;N/A;0.95
559;ant-design-pro;7.97;1008;26;9;TypeScript;0.98
560;fiber;5.58;1788;127;1;Go;0.94
561;tutorials;12.3;13356;0;8;Java;0.98
562;Free-Certifications;5.04;114;0;0;N/A;0.65
563;lapce;7.52;1171;32;1;Rust;0.6
564;istio;8.74;28377;393;7;Go;0.98
565;tesseract.js;10.15;195;56;4;JavaScript;0.96
566;GFPGAN;4.41;14;8;3;Python;0.27
567;interview_internal_reference;6.18;35;0;6;Python;0.39
568;aspnetcore;11.43;17699;258;1;C#;0.9
569;docs;1.27;393;0;1;MDX;0.39
570;insomnia;9.31;3324;522;6;TypeScript;0.82
571;node;1.25;35;6;8;Shell;0.57
572;windows;1.58;411;104;0;Shell;0.89
573;payload;4.61;5769;520;0;TypeScript;0.89
574;wtfjs;8.09;125;25;4;JavaScript;0.81
575;devdocs;11.81;924;0;7;Ruby;0.84
576;taro;7.35;3391;200;11;TypeScript;0.88
577;ink-kit;0.77;90;0;5;TypeScript;0.75
578;jan;1.99;2617;87;0;TypeScript;0.94
579;deeplearningbook-chinese;8.69;16;7;17;TeX;0.68
580;aider;2.27;263;93;1;Python;0.73
581;v;6.52;12236;273;5;V;0.89
582;JavaFamily;5.76;2;0;12;N/A;0.92
583;arthas;6.96;540;59;8;Java;0.82
584;faiss;8.52;137;20;0;C++;0.91
585;googletest;10.05;813;11;4;C++;0.85
586;wtfpython;7.96;113;2;6;Python;0.71
587;interview;7.51;35;0;8;C++;0.98
588;siyuan;4.96;481;811;0;TypeScript;0.97
589;milvus;5.91;22713;128;2;Go;0.96
590;MockingBird;4.02;80;1;1;Python;0.46
591;full-stack-fastapi-template;6.47;409;10;0;TypeScript;0.61
592;halo;7.4;2603;225;0;Java;0.92
593;gym;9.3;998;19;10;Python;0.94
594;cli;13.47;406;47;0;Python;0.8
595;ToolJet;4.38;6604;312;0;JavaScript;0.87
596;data-engineer-handbook;1.73;171;0;0;Jupyter Notebook;0.84
597;chatbox;2.44;70;47;4;TypeScript;0.64
598;google-research;6.86;29;0;8;Jupyter Notebook;0.24
599;og-aws;9.09;498;0;24;Shell;0.38
600;bruno;2.88;1246;140;1;JavaScript;0.6
601;metasploit-framework;13.96;11336;0;1;Ruby;0.93
602;HEU_KMS_Activator;6.15;0;47;6;N/A;0.15
603;manifesto;2.0;765;0;10;HTML;0.54
604;nushell;6.27;7864;111;1;Rust;0.77
605;Umi-OCR;3.38;56;31;7;Python;0.65
606;date-fns;10.86;1068;122;10;TypeScript;0.69
607;lerna;9.7;997;244;4;TypeScript;0.85
608;shadowsocks-android;12.67;256;185;8;Kotlin;0.98
609;compose;11.68;3541;263;0;Go;0.99
610;DragGAN;2.24;18;0;7;Python;0.24
611;docling;1.1;504;114;0;Python;0.57
612;Langchain-Chatchat;2.37;615;31;7;TypeScript;0.97
613;sheetjs;12.7;106;0;18;N/A;0.95
614;955.WLB;6.39;18;0;8;N/A;0.31
615;hello-algorithm;5.21;26;0;12;Java;0.75
616;MediaCrawler;2.18;100;0;0;Python;0.8
617;typeorm;9.46;2169;37;0;TypeScript;0.72
618;crewAI;1.8;907;97;0;Python;0.97
619;cobalt;3.1;243;0;2;Svelte;0.82
620;carbon;8.16;668;215;0;JavaScript;0.92
621;koa;12.07;522;9;15;JavaScript;0.98
622;HanLP;10.85;79;62;0;Python;0.99
623;fullPage.js;11.9;320;105;22;JavaScript;0.97
624;lottie-android;8.86;713;59;3;Java;0.98
625;REKCARC-TSC-UHT;6.36;170;0;15;HTML;0.94
626;marked;14.07;1553;155;0;TypeScript;0.99
627;awesome-react-native;10.39;912;0;18;JavaScript;0.48
628;engineering-blogs;10.18;681;0;4;Ruby;0.76
629;nativefier;10.12;261;99;1;TypeScript;0.79
630;spacedrive;3.88;1881;26;6;TypeScript;0.77
631;mindsdb;7.04;5355;310;4;Python;0.99
632;desktop;1.38;471;115;3;C++;0.94
633;vim-plug;11.93;177;8;1;Vim Script;0.93
634;hackathon-starter;11.76;347;17;15;JavaScript;0.99
635;pytorch-image-models;6.53;479;69;1;Python;0.95
636;the-way-to-go_ZH_CN;12.4;592;0;24;Go;0.0
637;sqlmap;13.14;173;10;4;Python;0.99
638;awesome-shell;11.11;307;0;8;N/A;0.37
639;glide;12.11;569;47;13;Java;0.87
640;twenty;2.7;7112;45;0;TypeScript;0.96
641;polars;5.25;11429;225;0;Rust;0.77
642;puter;1.45;578;8;0;JavaScript;0.74
643;codex;0.33;789;69;0;Rust;0.71
644;AgentGPT;2.35;539;12;1;TypeScript;0.72
645;Coursera-ML-AndrewNg-Notes;7.78;13;0;7;HTML;0.22
646;NewPipe;9.95;1661;137;1;Java;0.87
647;leetcode;6.91;4084;21;0;Java;1.0
648;LocalAI;2.41;3873;83;2;Go;0.63
649;caffe;11.93;1087;14;9;C++;0.81
650;awesome-javascript;11.13;393;0;10;N/A;0.95
651;outline;9.23;3299;147;0;TypeScript;0.97
652;TaskMatrix;2.45;21;0;7;Python;0.38
653;node-v0.x-archive;16.22;218;0;24;N/A;1.0
654;fastify;8.88;3132;298;0;JavaScript;0.96
655;netty;14.77;4413;0;0;Java;0.91
656;jieba;12.88;96;9;7;Python;0.26
657;bubbletea;5.59;627;62;1;Go;0.81
658;cursor-free-vip;0.59;74;69;1;Python;0.47
659;formik;8.17;829;196;13;TypeScript;0.69
660;gold-miner;9.78;3563;0;8;N/A;1.0
661;LLM101n;1.22;0;0;0;N/A;0.0
662;ai-agents-for-beginners;0.71;145;0;0;Jupyter Notebook;0.84
663;HowToLiveLonger;3.33;14;0;0;N/A;0.75
664;clipboard.js;9.91;117;42;48;JavaScript;0.98
665;RevokeMsgPatcher;6.07;11;21;1;C#;0.94
666;ghostty;3.38;2556;1;0;Zig;0.92
667;solid;7.31;385;35;8;TypeScript;0.91
668;12306;8.25;31;1;6;Python;0.67
669;manim;5.24;1922;29;2;Python;0.75
670;react-beautiful-dnd;8.02;529;68;5;JavaScript;0.65
671;linux-command;8.76;353;31;3;Markdown;0.64
672;portainer;9.24;4777;160;0;TypeScript;0.9
673;husky;11.15;262;80;3;JavaScript;0.93
674;framework;12.6;16614;854;0;PHP;1.0
675;llvm-project;8.69;54740;136;0;LLVM;0.7
676;OpenVoice;1.71;17;0;0;Python;0.21
677;poetry;7.46;2325;142;9;Python;0.92
678;spring-boot-demo;7.76;15;0;6;Java;0.42
679;Python;13.71;1837;0;5;Python;0.31
680;shadowsocks;13.32;70;2;13;Python;0.0
681;supervision;2.71;967;33;0;Python;0.85
682;LeetCode-Go;8.08;178;4;9;Go;0.8
683;AndroidUtilCode;9.04;88;117;13;Java;0.81
684;zsh-autosuggestions;11.81;116;0;7;Shell;0.75
685;easyexcel;7.52;190;14;8;Java;0.87
686;AFNetworking;14.21;710;40;15;Objective-C;0.0
687;JavaScript;8.09;795;0;5;JavaScript;0.96
688;zxing;13.85;318;31;4;Java;0.99
689;anoma;4.53;856;10;0;Elixir;0.83
690;awesome-deepseek-integration;1.59;230;0;0;N/A;0.31
691;mattermost;10.17;19180;836;3;TypeScript;0.93
692;awesome-docker;10.9;939;1;1;N/A;0.98
693;XX-Net;10.58;363;388;7;Python;0.41
694;aseprite;10.99;405;117;0;C++;0.58
695;ShareX;11.85;747;82;1;C#;0.93
696;gpt-pilot;1.99;393;0;2;Python;0.57
697;nps;6.78;74;59;11;Go;0.58
698;How-To-Ask-Questions-The-Smart-Way;10.39;98;0;7;JavaScript;0.69
699;brackets;13.69;4332;69;24;JavaScript;0.73
700;carbon-lang;5.3;4340;402;0;C++;0.79
701;jax;6.81;14920;125;0;Python;0.76
702;stats;6.21;409;301;1;Swift;0.99
703;harness;11.52;1046;52;1;Go;0.96
704;gulp;12.12;411;24;23;JavaScript;0.99
705;immutable-js;11.12;597;89;8;TypeScript;0.93
706;Fabric;1.61;426;239;2;JavaScript;0.8
707;ijkplayer;12.2;35;0;7;C;0.47
708;selenium;12.59;2987;108;0;Java;0.99
709;vault;10.47;21287;168;4;Go;0.82
710;AnotherRedisDesktopManager;6.6;152;53;1;JavaScript;0.87
711;openpose;8.31;174;15;7;C++;0.83
712;ControlNet;2.53;4;0;9;Python;0.24
713;lossless-cut;8.79;201;100;1;TypeScript;0.87
714;ShadowsocksX-NG;9.18;64;30;14;Swift;0.77
715;awesome-awesomeness;11.11;197;0;6;Ruby;0.76
716;ruoyi-vue-pro;4.55;62;44;10;Java;0.99
717;libpku;6.73;22;0;8;TeX;0.74
718;C-Plus-Plus;9.08;671;0;2;C++;0.96
719;swc;7.65;5586;712;4;Rust;0.9
720;Reactive-Resume;5.39;633;95;4;TypeScript;0.8
721;detectron2;5.94;0;10;3;Python;0.87
722;qBittorrent;13.53;3924;0;2;C++;0.86
723;awesome-cursorrules;0.91;62;0;3;MDX;0.2
724;certbot;10.76;3989;62;4;Python;0.98
725;jq;13.08;640;15;5;C;0.84
726;bulletproof-react;4.21;70;0;0;TypeScript;0.67
727;pnpm;9.55;2655;1000;4;TypeScript;0.62
728;data-engineering-zoomcamp;3.81;395;0;4;Jupyter Notebook;0.99
729;modern-unix;4.59;15;0;3;N/A;0.36
730;rufus;13.74;1;84;4;C;1.0
731;material-design-lite;10.59;655;14;72;HTML;0.83
732;learnGitBranching;13.01;603;0;6;JavaScript;0.91
733;drawdb;2.08;230;0;5;JavaScript;0.65
734;beego;13.46;1325;42;12;Go;1.0
735;serenity;6.7;19512;0;0;C++;0.83
736;refine;4.56;4419;1000;2;TypeScript;0.98
737;spaCy;11.12;3590;129;5;Python;0.97
738;CyberChef;8.71;510;447;3;JavaScript;0.59
739;my-tv;1.69;11;72;11;C;0.84
740;Real-ESRGAN;4.07;21;10;2;Python;0.24
741;run;3.35;171;0;7;N/A;0.84
742;chatbot-ui;2.43;280;0;7;TypeScript;0.82
743;it-tools;5.36;491;10;2;Vue;0.32
744;directus;12.68;8071;342;2;TypeScript;0.97
745;tiptap;6.99;1240;896;1;TypeScript;0.79
746;tabby;2.41;2965;238;5;Rust;0.78
747;chatgpt-web;2.51;159;43;8;Vue;1.0
748;nacos;7.17;3146;83;4;Java;0.97
749;etcher;9.8;1731;289;11;TypeScript;0.77
750;yew;7.66;1795;35;4;Rust;0.91
751;awesome-php;11.72;453;0;7;N/A;0.99
752;swr;5.8;795;123;1;TypeScript;0.86
753;android-open-project;11.61;204;0;7;N/A;0.87
754;shardeum;1.33;325;0;5;TypeScript;0.87
755;WxJava;9.61;1053;30;0;Java;0.97
756;agno;3.28;1689;84;0;Python;0.9
757;v2ray-core;6.33;909;111;5;Go;0.96
758;fairseq;7.96;234;16;1;Python;0.72
759;graphql-engine;7.16;2110;293;2;TypeScript;0.65
760;mpv;12.84;3493;87;0;C;0.92
761;GPT_API_free;2.31;1;0;3;Python;0.94
762;go-zero;5.02;2309;138;1;Go;0.88
763;pytorch-tutorial;8.43;28;0;6;Python;0.63
764;duckdb;7.14;8155;51;0;C++;0.93
765;mmdetection;6.98;2359;53;0;Python;0.79
766;vnpy;10.46;1055;64;5;Python;0.99
767;floating-ui;9.38;1188;493;4;TypeScript;0.98
768;remix;4.8;3441;175;9;TypeScript;1.0
769;YesPlayMusic;4.85;288;31;2;Vue;0.66
770;Hello-Python;3.03;0;0;0;Python;0.94
771;html2canvas;14.09;186;45;6;TypeScript;0.63
772;Retrieval-based-Voice-Conversion-WebUI;2.38;475;7;1;Python;0.68
773;awesome-cto;8.66;18;0;5;N/A;1.0
774;cherry-studio;1.22;1853;189;1;TypeScript;0.91
775;vimrc;13.22;107;0;5;Vim Script;0.98
776;rxjs;10.42;2588;2;4;TypeScript;0.93
777;echo;10.46;592;109;16;Go;0.95
778;MS-DOS;7.14;37;0;5;Assembly;0.0
779;lottie-web;10.48;136;0;7;JavaScript;0.73
780;Folo;1.35;1247;70;0;TypeScript;0.92
781;servo;13.52;20393;0;3;Rust;0.78
782;CasaOS;3.88;274;97;10;Go;0.57
783;cockroach;11.53;67514;0;0;Go;0.92
784;netron;14.64;1;5;0;JavaScript;0.98
785;backstage;5.56;18901;438;2;TypeScript;0.95
786;paper-reading;3.81;15;0;3;N/A;0.0
787;cursor;2.43;46;0;0;N/A;0.38
788;Blog;8.42;3;0;12;N/A;0.28
789;xyflow;6.08;1395;347;0;TypeScript;0.96
790;slate;9.16;1937;203;2;TypeScript;0.79
791;pathway;2.71;5;74;2;Python;0.55
792;dokku;12.19;4143;300;5;Shell;0.98
793;mediapipe;6.17;201;63;1;C++;0.92
794;linux-insides;10.62;579;0;8;Python;0.81
795;sharp;11.99;301;99;2;JavaScript;0.97
796;dotfiles;13.95;44;0;16;Shell;0.65
797;lede;7.94;2019;6;8;C;0.92
798;jQuery-File-Upload;14.71;119;0;5;PHP;0.99
799;MonitorControl;7.91;216;26;3;Swift;0.99
800;minikube;9.33;8755;151;5;Go;0.95
801;croc;7.83;236;175;1;Go;0.98
802;filebrowser;9.93;605;95;0;Go;0.99
803;OCRmyPDF;11.65;149;41;5;Python;0.9
804;p3c;8.15;62;0;11;Kotlin;0.81
805;khoj;3.99;474;158;2;Python;0.86
806;ink;8.18;231;60;0;TypeScript;0.8
807;k9s;6.55;829;248;3;Go;0.8
808;1Panel;3.07;3778;95;1;Go;0.88
809;editor.js;9.72;863;102;9;TypeScript;0.61
810;kafka;14.01;11784;0;9;Java;0.0
811;interactive-coding-challenges;10.3;176;0;8;Python;0.46
812;Sortable;11.66;248;30;5;JavaScript;0.74
813;Xray-core;4.76;1003;90;2;Go;1.0
814;fish-shell;13.27;2138;48;2;Rust;0.94
815;spring-boot-examples;8.78;7;0;8;Java;0.91
816;awesome-sysadmin;10.65;329;0;4;N/A;0.86
817;comprehensive-rust;2.65;2172;0;1;Rust;0.68
818;calculator;6.55;897;0;2;C++;0.65
819;k3s;7.21;4057;882;5;Go;0.98
820;symfony;15.62;24228;555;0;PHP;0.97
821;textual;4.35;2171;185;2;Python;0.92
822;jsPDF;15.7;717;35;11;JavaScript;0.96
823;influxdb;11.89;10591;93;0;Rust;0.85
824;UTM;6.34;264;121;2;Swift;0.74
825;headscale;5.15;1045;124;0;Go;0.91
826;paperless-ngx;3.5;2546;120;0;Python;1.0
827;server;9.2;28042;346;0;PHP;0.89
828;OpenCut;0.14;169;0;1;TypeScript;0.39
829;weekly;8.41;136;193;6;JavaScript;0.99
830;webtorrent;11.84;962;227;13;JavaScript;0.96
831;NeteaseCloudMusicApi;9.15;292;0;19;N/A;0.89
832;Data-Science-For-Beginners;4.45;308;0;0;Jupyter Notebook;0.8
833;layui;9.9;590;158;11;JavaScript;0.95
834;fabric.js;15.19;2343;174;9;TypeScript;0.93
835;rocksdb;12.71;609;206;4;C++;0.77
836;lux;7.47;300;86;4;Go;0.51
837;CLIP;4.66;28;0;0;Jupyter Notebook;0.44
838;medusa;5.57;7410;127;0;TypeScript;0.97
839;tqdm;10.2;287;131;14;Python;0.57
840;diffusers;3.21;4970;84;1;Python;0.89
841;GPTs;1.76;42;0;1;N/A;0.75
842;HEAD;9.32;86;0;13;N/A;0.78
843;docsify;8.73;730;15;0;JavaScript;0.93
844;alpine;5.71;657;137;2;HTML;1.0
845;gkd;2.11;6;53;1;Kotlin;0.98
846;AI-Expert-Roadmap;4.81;13;0;2;JavaScript;0.7
847;Trilium;8.23;572;333;1;TypeScript;0.76
848;numpy;14.93;13066;132;3;Python;0.84
849;roop;2.21;80;6;5;Python;0.0
850;sequelize;15.07;4961;487;1;TypeScript;0.91
851;stanford_alpaca;2.43;5;0;4;Python;0.37
852;CheatSheetSeries;6.65;1076;0;2;Python;0.93
853;OpenAPI-Specification;11.45;1559;12;0;Markdown;0.94
854;uppy;9.75;3094;196;9;TypeScript;0.94
855;hutool;11.34;447;152;10;Java;1.0
856;dioxus;4.58;1745;25;4;Rust;0.79
857;pytorch-lightning;6.38;9061;167;1;Python;0.87
858;sniffnet;3.04;428;14;0;Rust;0.85
859;exo;1.14;207;12;0;Python;0.29
860;particles.js;10.94;21;6;0;JavaScript;0.26
861;surrealdb;3.68;2135;92;0;Rust;0.68
862;tinygrad;4.82;7864;12;0;Python;0.87
863;umami;5.08;799;99;0;TypeScript;0.96
864;leakcanary;10.3;921;43;13;Kotlin;0.92
865;foundation-sites;13.84;2958;79;1;HTML;0.99
866;vue-cli;9.64;1258;177;9;JavaScript;0.83
867;awesome-macos-command-line;9.9;104;0;3;N/A;0.0
868;drizzle-orm;4.14;610;146;1;TypeScript;0.54
869;awesome-python-cn;9.78;51;0;7;Makefile;0.58
870;cheerio;13.85;2835;61;16;TypeScript;0.98
871;folly;13.21;13;253;3;C++;0.76
872;DevToys;3.87;497;38;1;C#;0.71
873;restic;11.3;2184;48;0;Go;0.85
874;algo;9.25;568;2;1;Python;0.95
875;AdGuardHome;9.11;124;212;0;Go;0.8
876;Mr.-Ranedeer-AI-Tutor;2.37;18;3;15;N/A;0.72
877;claude-code;0.47;53;0;0;TypeScript;0.42
878;stb;11.23;288;0;1;C;0.78
879;apollo;9.45;1449;41;13;Java;0.96
880;wails;6.67;1501;241;0;Go;0.88
881;project-guidelines;8.13;113;0;48;JavaScript;0.76
882;WSL;9.36;129;94;1;C++;0.91
883;react-boilerplate;10.49;715;16;8;JavaScript;0.95
884;500lines;11.78;175;0;8;JavaScript;0.59
885;glances;13.7;741;51;4;Python;0.94
886;vue-vben-admin;5.09;1625;59;0;Vue;0.97
887;phantomjs;14.64;562;0;14;C++;1.0
888;motion;6.75;1061;0;3;TypeScript;0.85
889;llm-app;2.07;47;0;2;Jupyter Notebook;0.71
890;mantine;4.6;1483;270;1;TypeScript;0.99
891;Hyprland;3.41;1863;96;0;C++;0.99
892;react-three-fiber;6.47;650;125;5;TypeScript;0.93
893;Hover;11.62;23;10;12;SCSS;0.78
894;hey;3.41;3765;0;3;TypeScript;1.0
895;django-rest-framework;14.46;3018;21;0;Python;0.99
896;standard;10.55;411;7;5;JavaScript;0.91
897;css-protips;9.96;73;0;2;N/A;0.98
898;canal;12.59;473;32;9;Java;0.76
899;tokio;8.93;3593;138;1;Rust;0.87
900;lighthouse;9.44;5465;125;4;JavaScript;0.95
901;consul;11.78;13723;217;4;Go;0.77
902;es6features;11.45;41;0;24;N/A;0.63
903;handson-ml2;6.6;64;0;2;Jupyter Notebook;0.58
904;xxl-job;9.72;113;38;13;Java;0.91
905;python-guide;14.42;683;0;9;Batchfile;0.65
906;DeepFaceLive;4.66;13;35;7;Python;0.99
907;Clone-Wars;4.7;130;0;2;N/A;0.85
908;swift-algorithm-club;9.55;610;0;1;Swift;0.85
909;viper;11.37;502;34;7;Go;0.54
910;composer;14.19;2944;214;3;PHP;0.98
911;plyr;10.5;384;88;4;JavaScript;0.58
912;tuning_playbook;2.57;14;0;6;N/A;0.76
913;COVID-19;5.53;2152;0;48;N/A;0.55
914;LibreChat;2.5;2097;58;0;TypeScript;0.95
915;firecracker;7.82;3170;78;3;Rust;0.96
916;TrackersListCollection;5.87;6;0;0;N/A;0.0
917;keycloak;12.12;17439;86;0;Java;0.87
918;refined-github;9.5;3427;173;3;TypeScript;0.97
919;SpringAll;7.29;1;0;1;Java;0.56
920;llama3;1.41;23;0;3;Python;0.41
921;postcss;11.89;759;268;16;TypeScript;0.97
922;react-spring;7.44;437;52;7;TypeScript;0.91
923;todomvc;14.21;760;6;2;JavaScript;0.84
924;Complete-Python-3-Bootcamp;7.5;12;0;2;Jupyter Notebook;0.61
925;zoxide;5.44;225;36;0;Rust;0.85
926;dragonfly;3.67;3303;106;0;C++;0.86
927;spring-cloud-alibaba;7.7;1076;48;7;Java;0.92
928;hosts;13.35;486;777;5;Python;0.95
929;JavaScript30;8.69;153;0;0;HTML;0.0
930;os-tutorial;10.88;11;0;3;C;0.58
931;linkedin-skill-assessments-quizzes;6.09;5637;1;8;N/A;0.91
932;slick;11.4;258;48;24;JavaScript;0.67
933;xstate;9.92;1971;440;5;TypeScript;0.92
934;Jobs_Applier_AI_Agent_AIHawk;1.02;185;0;0;Python;0.98
935;machine-learning-for-software-engineers;8.85;60;0;3;N/A;0.35
936;immer;7.63;374;109;10;JavaScript;0.95
937;k6;9.4;2145;76;2;Go;0.7
938;kitty;8.83;1130;128;1;Python;1.0
939;programmer-job-blacklist;9.14;28;0;17;Shell;0.54
940;data-science-ipython-notebooks;10.56;31;0;21;Python;0.54
941;vuex;10.08;656;51;1;JavaScript;0.92
942;Avalonia;11.7;5304;109;0;C#;0.78
943;ExplorerPatcher;4.01;18;288;2;C;0.89
944;rust-course;7.02;783;0;2;Rust;0.71
945;turborepo;3.86;6213;494;4;Rust;0.93
946;android_guides;12.16;9;0;48;N/A;0.57
947;posthog;5.56;24784;16;1;Python;0.72
948;jumpserver;11.12;7495;249;1;Python;1.0
949;helm;9.86;4092;215;2;Go;0.94
950;the-super-tiny-compiler;9.43;20;0;1;JavaScript;0.0
951;openai-python;4.8;990;315;2;Python;0.92
952;continue;2.22;2759;372;0;TypeScript;0.75
953;openssl;12.58;145;283;0;C;0.84
954;reverse-interview;5.93;75;0;24;N/A;0.72
955;podman;7.79;11675;227;4;Go;0.92
956;90DaysOfDevOps;3.63;358;2;0;Shell;0.9
957;tdesktop;11.29;1743;798;3;C++;0.94
958;async;15.21;557;7;19;JavaScript;0.99
959;vscodium;7.01;543;238;2;Shell;0.92
960;applied-ml;5.11;208;0;3;N/A;0.92
961;gitbook;11.38;1284;75;4;TypeScript;0.98
962;druid;13.79;1516;51;8;Java;0.5
963;nginxconfig.io;7.61;191;0;18;JavaScript;0.77
964;qlib;5.0;721;22;0;Python;0.74
965;linera-protocol;3.65;2650;18;1;Rust;0.61
966;backbone;14.88;881;0;72;JavaScript;0.98
967;Sunshine;3.66;1457;43;0;C++;0.92
968;ChatGPT;2.7;292;277;5;Python;0.99
969;dnSpy;10.13;53;1;0;C#;0.0
970;swagger-ui;14.09;3305;376;5;JavaScript;0.79
971;Python-programming-exercises;13.17;0;0;6;N/A;0.2
972;mobx;10.42;1152;113;13;TypeScript;0.97
973;react-select;10.97;1054;61;9;TypeScript;0.9
974;nginx-proxy-manager;7.65;526;77;0;JavaScript;0.69
975;waifu2x;10.25;68;3;1;Lua;0.59
976;python-telegram-bot;10.11;1631;127;3;Python;0.99
977;Charts;10.41;427;38;15;Swift;0.79
978;vhr;7.61;1;0;12;Java;0.38
979;trivy;6.35;3176;171;5;Go;0.95
980;python-fire;8.48;132;11;6;Python;0.61
981;Web;8.61;0;0;7;N/A;0.69
982;headlessui;4.91;619;127;0;TypeScript;0.92
983;ResumeSample;10.94;2;0;3;N/A;0.0
984;aos;10.1;38;0;4;JavaScript;0.51
985;create-t3-app;3.22;1114;138;0;TypeScript;0.91
986;nginx;10.15;94;8;0;C;0.5
987;Probabilistic-Programming-and-Bayesian-Methods-for-Hackers;12.59;243;0;12;Jupyter Notebook;0.36
988;erpnext;14.19;26372;1000;2;Python;0.87
989;raylib;11.81;2150;24;0;C;0.99
990;redash;11.8;3255;100;0;Python;0.76
991;yapi;9.21;141;1;7;JavaScript;0.38
992;WindTerm;5.85;1;32;0;C;0.21
993;EasyOCR;5.42;177;23;1;Python;0.57
994;commander.js;14.01;824;83;4;JavaScript;0.99
995;Tvlist-awesome-m3u-m3u8;8.49;1;0;11;N/A;0.67
996;flameshot;8.27;958;29;5;C++;0.76
997;Daily-Interview-Question;6.57;15;0;8;JavaScript;0.53
998;so-vits-svc;2.43;153;0;4;Python;0.84
999;srs;10.3;500;68;12;C++;0.85
1000;yazi;2.1;944;27;0;Rust;0.97
